key,source_sheet,source_row,ru,en
biome.coast.name,biome_palettes,6,Побережье,Coast
biome.desert.name,biome_palettes,3,Пустыня,Desert
biome.forest.name,biome_palettes,5,Лес,Forest
biome.high_altitude.name,biome_palettes,8,Высокогорье,High Altitude
biome.mountain.name,biome_palettes,4,Горы,Mountains
biome.plains.name,biome_palettes,2,Равнина,Plains
biome.river_valley.name,biome_palettes,7,Речная долина,River Valley
building.guild.name,buildings,3,Гильдия,Guild
building.shop.name,buildings,2,Лавка,Shop
building.tavern.name,buildings,4,Таверна,Tavern
building.temple.name,buildings,5,Храм,Temple
building.warehouse.name,buildings,7,Склад,Warehouse
building.workshop.name,buildings,6,Мастерская,Workshop
city_modifier.port_access.description,city_modifiers,3,Морские торговые маршруты открывают доступ к заморским товарам,Maritime trade routes provide access to overseas goods
city_modifier.port_access.name,city_modifiers,3,Доступ к порту,Port Access
city_modifier.trade_hub.description,city_modifiers,2,Улучшенные торговые условия — больше товаров и выгодные цены,Improved trade conditions — more goods and better prices
city_modifier.trade_hub.name,city_modifiers,2,Торговый узел,Trade Hub
city_type.border_city.description,city_types,4,"Сильные перекосы, потенциал выгодных сделок","Strong imbalances, potential for profitable deals"
city_type.border_city.name,city_types,4,Пограничный город,Border City
city_type.capital.description,city_types,2,"Большой рынок, высокий спрос, чаще дороже","Large market, high demand, often more expensive"
city_type.capital.name,city_types,2,Столица,Capital
city_type.craft_city.description,city_types,5,"Дешёвые ремесленные товары, спрос на сырьё","Cheap crafts, demand for raw materials"
city_type.craft_city.name,city_types,5,Ремесленный центр,Craft City
city_type.market_town.description,city_types,7,Обычный рынок для контраста,Baseline market for contrast
city_type.market_town.name,city_types,7,Обычный город,Market Town
city_type.holy_city.description,city_types,10,"Паломничество, храмы, религиозные события","Pilgrimage, temples, religious events"
city_type.holy_city.name,city_types,10,Святой город,Holy City
city_type.oasis_stop.description,city_types,8,"Маленький рынок, важная точка маршрута","Small market, important route waypoint"
city_type.oasis_stop.name,city_types,8,Караванная остановка,Caravan Stop
city_type.port_city.description,city_types,9,"Расширенный импорт, экзотические товары","Expanded imports, exotic goods"
city_type.port_city.name,city_types,9,Порт,Port City
city_type.resource_city.description,city_types,6,"Дешёвое сырьё, дорогие готовые товары","Cheap raw materials, expensive finished goods"
city_type.resource_city.name,city_types,6,Сырьевой город,Resource City
city_type.trade_hub.description,city_types,3,"Перепродажа, баланс цен, перевалка","Resale, balanced prices, transit hub"
city_type.trade_hub.name,city_types,3,Торговый узел,Trade Hub
city.aksu.description,cities,17,Оазис на северном маршруте через Такла-Макан. Караваны запасаются водой перед переходом через пустыню.,An oasis on the northern route across the Taklamakan. Caravans stock up on water before crossing the desert.
city.aksu.name,cities,17,Аксу,Aksu
city.aleppo.description,cities,39,Один из древнейших базаров мира. Караваны с востока и запада встречаются под каменными сводами крытого рынка.,One of the world's oldest bazaars. Caravans from east and west meet beneath the stone vaults of the covered market.
city.aleppo.name,cities,39,Алеппо,Aleppo
city.allahabad.description,cities,30,Священное место слияния Ганга и Ямуны. Паломники со всей Индии приходят омыться в святых водах.,Sacred confluence of the Ganges and Yamuna. Pilgrims from across India come to bathe in the holy waters.
city.allahabad.name,cities,30,Аллахабад,Allahabad
city.antioch.description,cities,41,Крепость на стыке миров. Крестоносцы и мусульмане веками сражались за контроль над этим побережьем.,A fortress at the crossroads of worlds. Crusaders and Muslims fought for centuries over control of this coast.
city.antioch.name,cities,41,Антиохия,Antioch
city.anxi.description,cities,11,Последняя китайская застава. За стенами начинается бескрайняя пустыня и земли кочевников.,The last Chinese outpost. Beyond its walls lies the endless desert and the lands of nomads.
city.anxi.name,cities,11,Аньси,Anxi
city.aydhab.description,cities,49,Пыльный порт на берегу Красного моря. Отсюда паломники отплывают к святым городам Аравии.,A dusty port on the Red Sea shore. Pilgrims embark from here to the holy cities of Arabia.
city.aydhab.name,cities,49,Айдхаб,Aydhab
city.baghdad.description,cities,37,Круглый город на берегу Тигра. Дом мудрости хранит знания всего мира. Халиф правит из золотого дворца.,The Round City on the Tigris. The House of Wisdom holds the knowledge of the entire world. The Caliph rules from his golden palace.
city.baghdad.name,cities,37,Багдад,Baghdad
city.balkh.description,cities,24,Мать городов — древнейший из городов Средней Азии. Здесь добывают лазурит и выращивают хлопок.,Mother of cities — the oldest city in Central Asia. Lapis lazuli is mined and cotton grown here.
city.balkh.name,cities,24,Балх,Balkh
city.beijing.description,cities,6,Сердце Поднебесной — великая столица династии Мин. Здесь сосредоточены лучшие товары империи и несметные богатства.,Heart of the Celestial Empire — the great capital of the Ming dynasty. The finest goods and immeasurable riches are gathered here.
city.beijing.name,cities,6,Пекин,Beijing
city.bukhara.description,cities,23,Город учёных и ремесленников. Медресе Бухары славятся на весь мусульманский мир. Мастера ткут лучшие ковры.,A city of scholars and artisans. Bukhara's madrasas are renowned across the Muslim world. Its masters weave the finest carpets.
city.bukhara.name,cities,23,Бухара,Bukhara
city.cairo.description,cities,44,Столица мамлюков у подножия пирамид. Нил несёт богатство Африки через величайший базар Востока.,Capital of the Mamluks at the foot of the pyramids. The Nile carries Africa's wealth through the greatest bazaar of the East.
city.cairo.name,cities,44,Каир,Cairo
city.cambay.description,cities,32,Порт Гуджарата — торговое окно Индии в Аравию и Африку. Текстиль и пряности уходят на запад.,The port of Gujarat — India's trading window to Arabia and Africa. Textiles and spices head westward.
city.cambay.name,cities,32,Камбей,Cambay
city.changan.description,cities,7,Древний город у начала Шёлкового пути. Столетиями караваны уходили отсюда на запад через бескрайние степи.,An ancient city at the start of the Silk Road. For centuries caravans departed westward from here across the endless steppes.
city.changan.name,cities,7,Чанъань,Chang'an
city.constantinople.description,cities,51,Конец Шёлкового пути. Купол Святой Софии виден за мили. Стены Феодосия непреступны. Здесь Восток встречает Запад.,The end of the Silk Road. The dome of Hagia Sophia is visible for miles. The Walls of Theodosius are impregnable. Here East meets West.
city.constantinople.name,cities,51,Константинополь,Constantinople
city.damascus.description,cities,40,Старейший из ныне живущих городов. Дамасская сталь и шёлк ценятся от Китая до Европы.,The oldest continuously inhabited city. Damascus steel and silk are prized from China to Europe.
city.damascus.name,cities,40,Дамаск,Damascus
city.delhi.description,cities,28,Столица Делийского султаната. Огромный рынок и несметные богатства привлекают торговцев со всей Азии.,Capital of the Delhi Sultanate. Its vast market and immeasurable riches attract merchants from across Asia.
city.delhi.name,cities,28,Дели,Delhi
city.gaza.description,cities,43,Торговый город на пути из Леванта в Египет. Последняя остановка перед Синайской пустыней.,A trading town on the road from the Levant to Egypt. The last stop before the Sinai Desert.
city.gaza.name,cities,43,Газа,Gaza
city.guangzhou.description,cities,4,Южные врата Китая. Порт связывает империю с заморскими странами — от Индии до островов Пряностей.,Southern gateway of China. The port connects the empire with overseas lands — from India to the Spice Islands.
city.guangzhou.name,cities,4,Гуанчжоу,Guangzhou
city.hangzhou.description,cities,5,Жемчужина юга — город мастеров и ткачей. Шёлк и чай из Ханчжоу славятся по всей империи.,Pearl of the south — a city of craftsmen and weavers. Silk and tea from Hangzhou are renowned throughout the empire.
city.hangzhou.name,cities,5,Ханчжоу,Hangzhou
city.hami.description,cities,15,Оазис в пустыне на пути из Китая на запад. Караваны останавливаются здесь чтобы набрать воды перед долгим переходом.,A desert oasis on the road from China westward. Caravans stop here to fill their water before the long crossing.
city.hami.name,cities,15,Хами,Hami
city.hormuz.description,cities,45,Остров-крепость в Персидском заливе. Все морские пути между Индией и Персией проходят через этот порт.,An island fortress in the Persian Gulf. All sea routes between India and Persia pass through this port.
city.hormuz.name,cities,45,Хормуз,Hormuz
city.jiuquan.description,cities,9,Караванная остановка в узком коридоре Хэси между горами и пустыней. Здесь наполняют бурдюки на долгий путь.,A caravan stop in the narrow Hexi Corridor between mountains and desert. Water skins are filled here for the long road ahead.
city.jiuquan.name,cities,9,Цзюцюань,Jiuquan
city.kabul.description,cities,26,Горный перевал между мирами. Из Средней Азии в Индию путь лежит через этот суровый пограничный город.,A mountain pass between worlds. The road from Central Asia to India runs through this harsh frontier city.
city.kabul.name,cities,26,Кабул,Kabul
city.kashgar.description,cities,18,Великий перекрёсток — здесь сходятся северный и южный пути вокруг Такла-Макан. Дорога на запад открыта.,The great crossroads — here the northern and southern routes around the Taklamakan converge. The road west lies open.
city.kashgar.name,cities,18,Кашгар,Kashgar
city.khotan.description,cities,19,Город нефрита и шёлка на южном пути. Камни с берегов Юрункаша ценятся в Пекине на вес золота.,City of jade and silk on the southern route. Stones from the Yurunkash riverbanks are worth their weight in gold in Beijing.
city.khotan.name,cities,19,Хотан,Khotan
city.kucha.description,cities,16,Древний буддийский центр на северном пути. Руины монастырей напоминают о былом величии.,An ancient Buddhist center on the northern route. Monastery ruins recall its former grandeur.
city.kucha.name,cities,16,Куча,Kucha
city.lanzhou.description,cities,8,Пограничный город на краю пустыни. Здесь торговцы готовятся к опасному переходу через безводные земли.,A frontier city at the edge of the desert. Merchants prepare here for the perilous crossing through waterless lands.
city.lanzhou.name,cities,8,Ланьчжоу,Lanzhou
city.lhasa.description,cities,13,Священный город на крыше мира. Дворец Потала возвышается над долиной. Монахи хранят древнюю мудрость.,Sacred city on the roof of the world. The Potala Palace towers above the valley. Monks preserve ancient wisdom.
city.lhasa.name,cities,13,Лхаса,Lhasa
city.lijiang.description,cities,12,Горный город народа наси. Чай и лошади — главные товары на древнем Чайном пути.,Mountain city of the Naxi people. Tea and horses are the main goods on the ancient Tea Horse Road.
city.lijiang.name,cities,12,Лицзян,Lijiang
city.mashhad.description,cities,33,Город на пути из Средней Азии в Персию. Караваны отдыхают здесь после перехода через горы.,A city on the road from Central Asia to Persia. Caravans rest here after crossing the mountains.
city.mashhad.name,cities,33,Мешхед,Mashhad
city.mecca.description,cities,48,Главная святыня ислама. Миллионы паломников со всего мира стремятся к Каабе. Торговля оживляется в сезон хаджа.,The holiest site of Islam. Millions of pilgrims from around the world flock to the Kaaba. Trade thrives during the Hajj season.
city.mecca.name,cities,48,Мекка,Mecca
city.medina.description,cities,47,Город Пророка. Второй священный город ислама. Паломники приходят поклониться мечети Пророка.,City of the Prophet. The second holiest city of Islam. Pilgrims come to pay respects at the Prophet's Mosque.
city.medina.name,cities,47,Медина,Medina
city.mosul.description,cities,38,Город на Тигре напротив руин Ниневии. Стратегическая переправа между Месопотамией и Левантом.,A city on the Tigris opposite the ruins of Nineveh. A strategic crossing between Mesopotamia and the Levant.
city.mosul.name,cities,38,Мосул,Mosul
city.nishapur.description,cities,34,Город бирюзовых копей и поэзии. Родина Омара Хайяма. Караваны везут отсюда драгоценные камни.,City of turquoise mines and poetry. Birthplace of Omar Khayyam. Caravans carry precious stones from here.
city.nishapur.name,cities,34,Нишапур,Nishapur
city.osh.description,cities,20,Ферганская долина — плодородные земли у входа в Среднюю Азию. Фрукты и хлопок здесь в избытке.,The Fergana Valley — fertile lands at the gateway to Central Asia. Fruits and cotton abound here.
city.osh.name,cities,20,Ош,Osh
city.patna.description,cities,29,Город на берегу Ганга. Речная торговля приносит товары из глубин Индии.,A city on the banks of the Ganges. River trade brings goods from deep within India.
city.patna.name,cities,29,Патна,Patna
city.quanzhou.description,cities,2,Величайший морской порт Мин. Отсюда корабли уходят в Юго-Восточную Азию и далёкую Аравию.,The greatest maritime port of Ming. Ships depart from here to Southeast Asia and distant Arabia.
city.quanzhou.name,cities,2,Цюаньчжоу,Quanzhou
city.rey.description,cities,35,Древний город у подножия Эльбурса. Руины Рея хранят память о тысячелетиях торговли.,An ancient city at the foot of the Alborz. The ruins of Rey hold memories of millennia of trade.
city.rey.name,cities,35,Рей,Rey
city.samarkand.description,cities,22,Сердце Шёлкового пути. Площадь Регистан сверкает мозаиками. Торговцы со всего мира торгуют на великом базаре.,Heart of the Silk Road. Registan Square gleams with mosaics. Merchants from around the world trade at the great bazaar.
city.samarkand.name,cities,22,Самарканд,Samarkand
city.shanghai.description,cities,3,Растущий порт на побережье. Морские джонки и речные суда доставляют сюда товары со всего юга Китая.,A growing port on the coast. Sea junks and river boats bring goods here from across southern China.
city.shanghai.name,cities,3,Шанхай,Shanghai
city.suhar.description,cities,46,Оманский порт — отправная точка для плавания в Индию. Доу с товарами отходят с муссонными ветрами.,An Omani port — the starting point for voyages to India. Dhows laden with goods depart with the monsoon winds.
city.suhar.name,cities,46,Сухар,Suhar
city.tamralipti.description,cities,31,Бенгальский порт на пути к островам Юго-Восточной Азии. Муссоны определяют ритм торговли.,A Bengali port on the route to the islands of Southeast Asia. Monsoons set the rhythm of trade.
city.tamralipti.name,cities,31,Тамралипти,Tamralipti
city.trabzon.description,cities,50,Черноморский порт у подножия гор. Ворота в Анатолию для торговцев с Кавказа и из Персии.,A Black Sea port at the foot of the mountains. Gateway to Anatolia for merchants from the Caucasus and Persia.
city.trabzon.name,cities,50,Трабзон,Trabzon
city.tripoli.description,cities,42,Левантийский порт с крепостью крестоносцев. Корабли везут товары вдоль побережья Средиземного моря.,A Levantine port with a Crusader fortress. Ships carry goods along the Mediterranean coast.
city.tripoli.name,cities,42,Триполи,Tripoli
city.urumqi.description,cities,,Оазис на северном пути вдоль Тянь-Шаня. Караваны проходят здесь по пути в Кучу.,An oasis on the northern route along the Tian Shan. Caravans pass through here on the way to Kucha.
city.urumqi.name,cities,,Урумчи,Urumqi
city.yumen.description,cities,10,Нефритовые врата — древний рубеж Китая. За этими воротами заканчивается империя и начинается неизвестность.,The Jade Gate — China's ancient frontier. Beyond these gates the empire ends and the unknown begins.
city.yumen.name,cities,10,Юймэнь,Yumen
culture.anatolia.name,cultures,8,Анатолия,Anatolia
culture.arabia.name,cultures,11,Аравия,Arabia
culture.byzantine.name,cultures,9,Византия,Byzantine
culture.central_asia.name,cultures,4,Средняя Азия,Central Asia
culture.china.name,cultures,2,Китай,China
culture.india.name,cultures,10,Индия,India
culture.levant.name,cultures,7,Левант,Levant
culture.mesopotamia.name,cultures,6,Месопотамия,Mesopotamia
culture.persia.name,cultures,5,Персия,Persia
culture.steppe.name,cultures,3,Степь,Steppe
culture.tibet.name,cultures,12,Тибет,Tibet
event_type.bandit_attack.name,event_types,2,Нападение,Attack
event_type.caravan_trouble.name,event_types,7,Поломка,Caravan Trouble
event_type.companion.name,event_types,9,Спутник,Companion
event_type.crisis.name,event_types,10,Кризис,Crisis
event_type.discovery.name,event_types,8,Находка,Discovery
event_type.encounter.name,event_types,6,Встреча,Encounter
event_type.hazard.name,event_types,5,Опасность,Hazard
event_type.natural_disaster.name,event_types,4,Стихия,Natural Disaster
event_type.wildlife.name,event_types,3,Дикие звери,Wildlife
event.ambush_siege.choice1,event_choices,174,Прорываться,Fight through
event.ambush_siege.choice1.result,event_choices,174,Караван прорвался через кольцо бандитов с потерями. Несколько тюков потеряно в бою.,The caravan broke through the bandit ring with losses. Several bales were lost in the fight.
event.ambush_siege.choice2,event_choices,175,Сдать товар,Surrender goods
event.ambush_siege.choice2.result,event_choices,175,Бандиты забрали часть груза и отступили. Люди целы, но казна полегчала.,The bandits took a share of the cargo and withdrew. Everyone is safe, but the coffers are lighter.
event.ambush_siege.choice3,event_choices,176,Переговоры,Negotiate
event.ambush_siege.choice3.result,event_choices,176,Удалось договориться — бандиты взяли откуп и пропустили караван. Могло быть хуже.,A deal was struck — the bandits took a toll and let the caravan pass. It could have been worse.
event.ambush_siege.description,events,87,"Караван окружён вооружёнными бандитами в узкой долине. Пути отступления нет, напряжённое противостояние. Торговцы выстраивают оборону из повозок.",The caravan is surrounded by armed bandits in a narrow valley. No escape route
event.ambush_siege.name,events,87,Засада,Ambush Siege
event.animal_collapse.choice1,event_choices,171,Лечить и ждать,Rest and heal
event.animal_collapse.choice1.result,event_choices,171,Животное отдохнуло и поднялось на ноги. Караван потерял время, но сохранил вьючного.,The animal rested and got back on its feet. The caravan lost time but kept its beast of burden.
event.animal_collapse.choice2,event_choices,172,Купить замену,Buy replacement
event.animal_collapse.choice2.result,event_choices,172,У местных удалось купить замену. Стоило дорого, но караван снова в пути.,A replacement was bought from locals. It cost dearly, but the caravan is moving again.
event.animal_collapse.choice3,event_choices,173,Перегрузить,Redistribute
event.animal_collapse.choice3.result,event_choices,173,Груз перераспределили между оставшимися животными. Идут медленнее, но идут.,The cargo was redistributed among the remaining animals. They move slower, but they move.
event.animal_collapse.description,events,86,"Вьючное животное рухнуло на дорогу и отказывается вставать. Тяжёлый груз нужно куда-то деть, а путь ещё далёк.",A pack animal has collapsed on the road and refuses to stand. The heavy cargo must be dealt with and the journey is still long.
event.animal_collapse.name,events,86,Животное пало,Animal Collapse
event.cargo_fire.choice1,event_choices,168,Тушить огонь,Fight the fire
event.cargo_fire.choice1.result,event_choices,168,Огонь потушен, но часть товара обгорела. Шёлк и специи пострадали сильнее всего.,The fire is out, but some goods are charred. Silk and spices suffered the most.
event.cargo_fire.choice2,event_choices,169,Спасти ценное,Save valuables
event.cargo_fire.choice2.result,event_choices,169,Самое ценное удалось спасти из пламени. Остальное сгорело дотла.,The most valuable goods were pulled from the flames. The rest burned to ashes.
event.cargo_fire.choice3,event_choices,170,Отступить,Let it burn
event.cargo_fire.choice3.result,event_choices,170,Караван отступил от горящей повозки. Люди в безопасности, но весь груз потерян.,The caravan pulled back from the burning cart. Everyone is safe, but all the cargo is lost.
event.cargo_fire.description,events,85,"Пламя вспыхивает на грузовой повозке посреди ночного лагеря. Шёлк и специи горят, едкий дым поднимается в небо.",Flames erupt from the cargo cart in the night camp. Silk and spices burn as acrid smoke rises into the sky.
event.cargo_fire.name,events,85,Пожар груза,Cargo Fire
event.cart_collapse.choice1,event_choices,163,Срочный ремонт,Emergency repair
event.cart_collapse.choice1.result,event_choices,163,Ось укреплена, рама стянута верёвками. Починка ненадёжная, но ехать можно.,The axle is reinforced and the frame bound with ropes. A shaky repair, but good enough to travel.
event.cart_collapse.choice2,event_choices,164,Перераспределить груз,Redistribute load
event.cart_collapse.choice2.result,event_choices,164,Груз разложен по остальным повозкам. Тесно, но ничего не потеряно.,The load was spread across the other carts. Cramped, but nothing was lost.
event.cart_collapse.choice3,event_choices,165,Бросить часть,Abandon goods
event.cart_collapse.choice3.result,event_choices,165,Часть товаров оставлена у дороги. Повозка полегчала и продолжает путь.,Some goods were abandoned by the road. The lighter cart rolls on.
event.cart_collapse.description,events,83,"Рама основной повозки трещит и вот-вот развалится. Груз опасно накренился, дерево трещит под весом товаров.",The main cart's frame cracks and is about to collapse. Cargo tilts dangerously as the wood splinters under the weight of goods.
event.cart_collapse.name,events,83,Повозка разваливается,Cart Collapse
event.coast_crabs.choice1,event_choices,225,Расчистить путь,Clear the path
event.coast_crabs.choice2,event_choices,226,Подождать,Wait it out
event.coast_crabs.description,events,53,Сотни крабов ползут через прибрежную дорогу во время миграции. Повозка не проедет — придётся либо расчищать путь,либо ждать.
event.coast_crabs.name,events,53,Нашествие крабов,Crab Swarm
event.coast_fishermen.choice1,event_choices,91,Поговорить,Chat with them
event.coast_fishermen.choice1.result,event_choices,91,Рыбаки поделились новостями о дороге и погоде. Полезные сведения для путника.,The fishermen shared news about the road and weather. Useful information for travelers.
event.coast_fishermen.choice2,event_choices,92,Пройти мимо,Pass by
event.coast_fishermen.choice2.result,event_choices,92,Караван проехал мимо с коротким приветствием. Путь не ждёт.,The caravan passed with a brief greeting. The road does not wait.
event.coast_fishermen.choice3,event_choices,93,Купить рыбу,Buy fish
event.coast_fishermen.choice3.result,event_choices,93,Свежая рыба куплена по хорошей цене. Провиант пополнен, настроение поднялось.,Fresh fish was bought at a good price. Provisions are stocked and spirits lifted.
event.coast_fishermen.description,events,50,Рыбаки чинят сети у дороги,рядом — свежий улов и вытащенные на берег лодки. Они приветливо кивают проезжающему каравану.
event.coast_fishermen.name,events,50,Рыбаки,Fishermen
event.coast_flood.choice1,event_choices,85,Подождать спада,Wait for waters to recede
event.coast_flood.choice1.result,event_choices,85,Вода спала через несколько часов. Караван потерял время, но не груз.,The water receded after several hours. The caravan lost time, but not cargo.
event.coast_flood.choice2,event_choices,86,Пересечь вброд,Ford across
event.coast_flood.choice2.result,event_choices,86,Переправа вброд прошла тяжело — часть товаров подмочена, но караван на другом берегу.,The ford crossing was rough — some goods got soaked, but the caravan is across.
event.coast_flood.choice3,event_choices,87,Построить настил,Build a crossing
event.coast_flood.choice3.result,event_choices,87,Импровизированный настил из брёвен выдержал. Переправа прошла без потерь.,An improvised log crossing held firm. The caravan crossed without losses.
event.coast_flood.description,events,48,Разлившаяся река затопила прибрежную дорогу. Мутная вода поднимается,подбираясь к грузу — нужно действовать немедленно.
event.coast_flood.name,events,48,Прибрежное наводнение,Coastal Flood
event.coast_pirates.choice1,event_choices,80,Сражаться,Fight back
event.coast_pirates.choice1.result,event_choices,80,Бой на прибрежных камнях. Пираты отступили к своим лодкам, потеряв нескольких.,A fight on the coastal rocks. The pirates retreated to their boats, losing several of their number.
event.coast_pirates.choice2,event_choices,81,Бежать,Flee inland
event.coast_pirates.choice2.result,event_choices,81,Караван бросился вглубь суши, подальше от берега. Часть груза осталась на дороге.,The caravan fled inland, away from the shore. Some cargo was left on the road.
event.coast_pirates.choice3,event_choices,82,Заплатить выкуп,Pay ransom
event.coast_pirates.choice3.result,event_choices,82,Выкуп заплачен. Пираты погрузили добычу в шлюпку и отчалили.,The ransom was paid. The pirates loaded their spoils into a boat and rowed away.
event.coast_pirates.description,events,46,Из-за прибрежных скал выходят вооружённые головорезы. В бухте покачиваются их суда — отступать некуда,впереди обрыв.
event.coast_pirates.name,events,46,Прибрежные пираты,Coastal Pirates
event.coast_salt_damage.choice1,event_choices,223,Капитальный ремонт,Full repair
event.coast_salt_damage.choice2,event_choices,224,Смазать и ехать,Grease and go
event.coast_salt_damage.description,events,51,Морской воздух разъедает металлические части повозки. Крепления ржавеют,колёсные оси скрипят — побережье берёт свою дань.
event.coast_salt_damage.name,events,51,Солевая коррозия,Salt Damage
event.coast_shipwreck.choice1,event_choices,88,Обследовать обломки,Search the wreck
event.coast_shipwreck.choice1.result,event_choices,88,Среди обломков найдены бочки с вином и ящики с тканями. Море щедро сегодня.,Barrels of wine and crates of cloth were found among the wreckage. The sea is generous today.
event.coast_shipwreck.choice2,event_choices,89,Взять с берега,Take from shore
event.coast_shipwreck.choice2.result,event_choices,89,С берега собраны выброшенные волнами товары. Немного подмочено, но ценно.,Goods washed ashore were gathered from the beach. A bit waterlogged, but valuable.
event.coast_shipwreck.choice3,event_choices,90,Нырнуть за грузом,Dive for cargo
event.coast_shipwreck.choice3.result,event_choices,90,Ныряльщики достали со дна тяжёлые ящики. Внутри — редкие товары в хорошем состоянии.,Divers retrieved heavy crates from the seabed. Inside — rare goods in good condition.
event.coast_shipwreck.description,events,49,Разбитый корабль лежит на камнях у берега. Между обломков видны бочки и ящики — часть груза ещё цела.,A wrecked ship lies on the rocks near shore. Barrels and crates are visible among the debris — some cargo is still intact.
event.coast_shipwreck.name,events,49,Кораблекрушение,Shipwreck
event.coast_smugglers.choice1,event_choices,94,Торговать,Deal with them
event.coast_smugglers.choice1.result,event_choices,94,Контрабандный товар куплен по бросовой цене. Происхождение лучше не спрашивать.,Smuggled goods were bought at a bargain price. Best not to ask about their origin.
event.coast_smugglers.choice2,event_choices,95,Уйти,Walk away
event.coast_smugglers.choice2.result,event_choices,95,Караван благоразумно отказался от сомнительной сделки и продолжил путь.,The caravan wisely declined the dubious deal and continued on its way.
event.coast_smugglers.choice3,event_choices,96,Крупная сделка,Big deal
event.coast_smugglers.choice3.result,event_choices,96,Крупная партия экзотических товаров куплена за полцены. Рискованно, но выгодно.,A large shipment of exotic goods was bought at half price. Risky, but profitable.
event.coast_smugglers.description,events,52,В прибрежной пещере мелькает свет фонаря. Скрытные фигуры предлагают шёпотом экзотический товар по заманчивой цене.,Lantern light flickers in a coastal cave. Secretive figures whisper an offer of exotic goods at a tempting price.
event.coast_smugglers.name,events,52,Контрабандисты,Smugglers
event.coast_storm.choice1,event_choices,83,Укрыться,Find shelter
event.coast_storm.choice1.result,event_choices,83,Караван укрылся в прибрежных скалах. Волны бушевали, но люди и товары в безопасности.,The caravan sheltered among the coastal rocks. Waves raged, but people and goods are safe.
event.coast_storm.choice2,event_choices,84,Прорваться,Push through
event.coast_storm.choice2.result,event_choices,84,Караван пробился сквозь шторм. Солёная вода испортила часть припасов.,The caravan fought through the storm. Salt water ruined some of the supplies.
event.coast_storm.description,events,47,Огромные волны обрушиваются на прибрежную дорогу,ветер рвёт ткань с повозок. Солёные брызги хлещут в лицо — шторм усиливается.
event.coast_storm.name,events,47,Прибрежный шторм,Coastal Storm
event.desert_bandits.choice1,event_choices,2,Сражаться,Fight back
event.desert_bandits.choice1.result,event_choices,2,Яростный бой в песках. Бандиты отступили, но несколько тюков порублено клинками.,A fierce fight in the sands. The bandits retreated, but several bales were slashed by blades.
event.desert_bandits.choice2,event_choices,3,Бежать,Flee
event.desert_bandits.choice2.result,event_choices,3,Караван вырвался из засады, бросив часть груза. Преследователи отстали за барханами.,The caravan broke free from the ambush, leaving some cargo behind. The pursuers fell behind the dunes.
event.desert_bandits.choice3,event_choices,4,Откупиться,Pay ransom
event.desert_bandits.choice3.result,event_choices,4,Откуп принят — бандиты забрали серебро и скрылись за дюнами.,The ransom was accepted — the bandits took the silver and vanished behind the dunes.
event.desert_bandits.description,events,2,"Из-за барханов выскакивают вооружённые всадники в масках, перекрывая дорогу каравану. Блеск клинков на солнце не оставляет сомнений в их намерениях.","Masked riders burst from behind the dunes, blocking the caravan's path. The glint of drawn blades in the sun leaves no doubt of their intentions."
event.desert_bandits.name,events,2,Засада в пустыне,Desert Ambush
event.desert_drought.choice1,event_choices,9,Урезать рацион,Ration supplies
event.desert_drought.choice1.result,event_choices,9,Строгая экономия воды. Люди страдают от жажды, но запасов хватило до следующего колодца.,Strict water rationing. People suffer from thirst, but supplies lasted until the next well.
event.desert_drought.choice2,event_choices,10,Искать воду,Search for water
event.desert_drought.choice2.result,event_choices,10,Разведчики нашли скрытый родник среди скал. Караван спасён от обезвоживания.,Scouts found a hidden spring among the rocks. The caravan is saved from dehydration.
event.desert_drought.choice3,event_choices,11,Довериться проводнику,Trust the guide
event.desert_drought.choice3.result,event_choices,11,Проводник вывел караван к оазису коротким путём. Его знание пустыни бесценно.,The guide led the caravan to an oasis by a shortcut. His knowledge of the desert is invaluable.
event.desert_drought.description,events,8,"Колодцы на пути пересохли, а запасы воды тают. Потрескавшаяся земля тянется до горизонта, и нужно решать, как экономить последние капли.","The wells along the route have dried up and water reserves are dwindling. Cracked earth stretches to the horizon, and a decision must be made on how to ration the last drops."
event.desert_drought.name,events,8,Засуха,Drought
event.desert_heat.choice1,event_choices,189,Переждать,Wait it out
event.desert_heat.choice2,event_choices,190,Продолжить путь,Press on
event.desert_heat.description,events,4,"Солнце выжигает пустыню беспощадным жаром. Воздух дрожит над раскалёнными барханами, а люди и животные еле держатся на ногах.","The sun scorches the desert with merciless heat. The air shimmers above the blistering dunes, and both people and animals can barely stand."
event.desert_heat.name,events,4,Невыносимый зной,Unbearable Heat
event.desert_lost_path.choice1,event_choices,195,Искать ориентиры,Search for landmarks
event.desert_lost_path.choice2,event_choices,196,Идти наугад,Go blindly
event.desert_lost_path.choice3,event_choices,197,Положиться на проводника,Rely on the guide
event.desert_lost_path.description,events,13,"Ветер стёр все следы на песке, и караван оказался посреди однообразной пустыни. Карта бесполезна, а солнце клонится к закату.","The wind has erased all tracks in the sand, leaving the caravan stranded in a featureless desert. The map is useless and the sun is setting."
event.desert_lost_path.name,events,13,Потерянный путь,Lost Path
event.desert_mirage.choice1,event_choices,193,Игнорировать,Ignore it
event.desert_mirage.choice2,event_choices,194,Идти к нему,Go toward it
event.desert_mirage.description,events,7,"На горизонте мерцает силуэт города с минаретами. Караванщики спорят: одни уверены, что это настоящий город, другие предупреждают о мираже.","A city silhouette with minarets shimmers on the horizon. The caravan argues: some insist it is real, others warn it is a mirage."
event.desert_mirage.name,events,7,Мираж,Mirage
event.desert_nomads.choice1,event_choices,18,Торговать,Trade
event.desert_nomads.choice1.result,event_choices,18,Кочевники оказались честными торговцами. Удалось обменять товары по выгодной цене.,The nomads turned out to be honest traders. Goods were exchanged at a fair price.
event.desert_nomads.choice2,event_choices,19,Пройти мимо,Pass by
event.desert_nomads.choice2.result,event_choices,19,Караван вежливо прошёл мимо стоянки. Кочевники проводили его взглядом.,The caravan politely passed the camp. The nomads watched them go in silence.
event.desert_nomads.choice3,event_choices,20,Подарить шёлк,Gift silk
event.desert_nomads.choice3.result,event_choices,20,Подарок шёлка растрогал вождя. В ответ кочевники поделились водой и советами о пути.,The silk gift touched the chief. In return the nomads shared water and advice about the road ahead.
event.desert_nomads.description,events,11,"Впереди показались шатры кочевников с дымом костров. Вождь в развевающихся одеждах жестом приглашает караван. Это может быть и торговля, и ловушка.",Nomad tents with campfire smoke appear ahead. The chief in flowing robes gestures the caravan to approach. This could be trade or a trap.
event.desert_nomads.name,events,11,Встреча с кочевниками,Nomad Encounter
event.desert_oasis.choice1,event_choices,7,Исследовать,Explore
event.desert_oasis.choice1.result,event_choices,7,Оазис оказался настоящим сокровищем — чистая вода и тень пальм. Среди камней нашлись забытые вещи.,The oasis proved a true treasure — fresh water and palm shade. Among the rocks, forgotten goods were found.
event.desert_oasis.choice2,event_choices,8,Набрать воды,Gather water
event.desert_oasis.choice2.result,event_choices,8,Все бурдюки наполнены до краёв. Верблюды напились вдоволь — можно продолжать путь.,Every waterskin was filled to the brim. The camels drank their fill — the journey can continue.
event.desert_oasis.description,events,6,"Среди бескрайних песков показалась зелень пальм и блеск воды. Настоящий оазис, но следы вокруг говорят, что это место не безопасно.","Palm trees and glistening water appear amid the endless sands. A real oasis, but the tracks around it suggest this place is not entirely safe."
event.desert_oasis.name,events,6,Пустынный оазис,Desert Oasis
event.desert_ruins.choice1,event_choices,21,Исследовать глубже,Explore deeper
event.desert_ruins.choice1.result,event_choices,21,В глубине руин найдены древние артефакты. Ценная находка, но на обратном пути обвалился свод.,Deep inside the ruins ancient artifacts were found. A valuable discovery, but the ceiling collapsed on the way out.
event.desert_ruins.choice2,event_choices,22,Собрать снаружи,Gather outside
event.desert_ruins.choice2.result,event_choices,22,Снаружи собрано несколько интересных предметов. Безопасно и без риска.,Several interesting items were gathered outside. Safe and without risk.
event.desert_ruins.choice3,event_choices,23,Идти дальше,Move on
event.desert_ruins.choice3.result,event_choices,23,Караван прошёл мимо руин, не задерживаясь. Иногда мудрость — не искушать судьбу.,The caravan passed the ruins without stopping. Sometimes wisdom means not tempting fate.
event.desert_ruins.description,events,12,Полузасыпанные песком каменные колонны и обломки арок выступают из дюн. Загадочные надписи на стенах манят заглянуть внутрь.,"Stone columns and broken arches jut from the dunes, half-buried in sand. Mysterious inscriptions on the walls beckon you to look inside."
event.desert_ruins.name,events,12,Древние руины,Ancient Ruins
event.desert_sand_trap.choice1,event_choices,12,Осторожно вытащить,Carefully extract
event.desert_sand_trap.choice1.result,event_choices,12,Осторожно, досками и верёвками, повозку вытащили из песка. Долго, но без поломок.,Carefully, with planks and ropes, the cart was extracted from the sand. Slow, but nothing broke.
event.desert_sand_trap.choice2,event_choices,13,Тянуть силой,Pull by force
event.desert_sand_trap.choice2.result,event_choices,13,Верблюды рванули изо всех сил — повозка выскочила, но ось треснула.,The camels pulled with all their might — the cart shot free, but the axle cracked.
event.desert_sand_trap.choice3,event_choices,14,Разгрузить и обойти,Unload and bypass
event.desert_sand_trap.choice3.result,event_choices,14,Груз перенесли вручную в обход. Пустую повозку вытащить оказалось проще.,The cargo was carried by hand around the trap. Pulling the empty cart out proved much easier.
event.desert_sand_trap.description,events,9,"Колёса повозки проваливаются в зыбучий песок. Чем больше тянут верблюды, тем глубже вязнет груз. Песок засасывает повозку на глазах.","The cart wheels sink into quicksand. The harder the camels pull, the deeper the cargo sinks. The sand swallows the cart before your eyes."
event.desert_sand_trap.name,events,9,Песчаная ловушка,Sand Trap
event.desert_scorpions.choice1,event_choices,191,Прогнать огнём,Scare with fire
event.desert_scorpions.choice2,event_choices,192,Собрать лагерь,Pack up camp
event.desert_scorpions.description,events,5,"В ночном лагере среди припасов обнаружены крупные скорпионы. Их хвосты угрожающе изогнуты, и каждое движение грозит укусом.","Large scorpions are found among the camp supplies at night. Their tails are raised menacingly, and every movement risks a sting."
event.desert_scorpions.name,events,5,Скорпионы в лагере,Scorpions in Camp
event.desert_storm.choice1,event_choices,5,Укрыться,Take shelter
event.desert_storm.choice1.result,event_choices,5,Караван укрылся за повозками и переждал бурю. Песок забил всё, но люди целы.,The caravan sheltered behind the wagons and waited out the storm. Sand clogged everything, but everyone is safe.
event.desert_storm.choice2,event_choices,6,Идти напролом,Push through
event.desert_storm.choice2.result,event_choices,6,Караван пробился сквозь стену песка. Несколько тюков сорвало ветром, люди измотаны.,The caravan pushed through the wall of sand. Several bales were torn away by wind, and people are exhausted.
event.desert_storm.description,events,3,"Стена песка поднимается на горизонте и стремительно приближается. Ветер усиливается, и видимость падает с каждой секундой.","A wall of sand rises on the horizon and rushes closer. The wind intensifies, and visibility drops with every passing second."
event.desert_storm.name,events,3,Песчаная буря,Sandstorm
event.desert_wheel_stuck.choice1,event_choices,15,Починить как следует,Repair properly
event.desert_wheel_stuck.choice1.result,event_choices,15,Колесо откопано и укреплено. Надёжная починка, но потеряно полдня.,The wheel was dug out and reinforced. A solid repair, but half a day was lost.
event.desert_wheel_stuck.choice2,event_choices,16,Быстрая починка,Quick fix
event.desert_wheel_stuck.choice2.result,event_choices,16,Быстрая починка на скорую руку. Колесо держится, но надолго ли — вопрос.,A hasty patch job. The wheel holds, but for how long is anyone's guess.
event.desert_wheel_stuck.choice3,event_choices,17,Разгрузить часть,Offload cargo
event.desert_wheel_stuck.choice3.result,event_choices,17,Часть груза снята, повозка полегчала и выехала из песка.,Some cargo was offloaded, the lighter cart pulled free from the sand.
event.desert_wheel_stuck.description,events,10,"Колесо повозки намертво увязло в песке. Ось трещит, верблюды ревут, а солнце палит нещадно. Нужно что-то делать быстро.","A cart wheel is hopelessly stuck in the sand. The axle creaks, the camels bellow, and the sun beats down ruthlessly. Something must be done quickly."
event.desert_wheel_stuck.name,events,10,Застрявшее колесо,Stuck Wheel
event.desperate_choice.choice1,event_choices,183,Бросить груз,Abandon cargo
event.desperate_choice.choice1.result,event_choices,183,Груз брошен посреди пустоши. Налегке караван движется быстрее, но прибыль потеряна.,The cargo was abandoned in the wasteland. The lighter caravan moves faster, but profits are gone.
event.desperate_choice.choice2,event_choices,184,Дать бой,Make a stand
event.desperate_choice.choice2.result,event_choices,184,Отчаянный бой — караван выстоял, но понёс тяжёлые потери.,A desperate fight — the caravan held its ground, but suffered heavy losses.
event.desperate_choice.choice3,event_choices,185,Разделиться,Split caravan
event.desperate_choice.choice3.result,event_choices,185,Караван разделился. Часть ушла на разведку, остальные ждут. Рискованно, но есть шанс.,The caravan split up. Some went ahead to scout, the rest wait. Risky, but there is a chance.
event.desperate_choice.description,events,90,"Караван на грани. Припасы тают, опасность нарастает, и впереди — только враждебная земля. Пришло время принять решение, от которого зависит всё.",The caravan is on the brink. Supplies dwindle
event.desperate_choice.name,events,90,Отчаянный выбор,Desperate Choice
event.disease_outbreak.choice1,event_choices,180,Карантин,Quarantine
event.disease_outbreak.choice1.result,event_choices,180,Больных изолировали. Болезнь не распространилась дальше, но караван стоит на месте.,The sick were quarantined. The disease did not spread further, but the caravan is halted.
event.disease_outbreak.choice2,event_choices,181,Нанять лекаря,Hire healer
event.disease_outbreak.choice2.result,event_choices,181,Лекарь приготовил снадобья и поставил больных на ноги. Его услуги обошлись недёшево.,The healer brewed remedies and got the sick back on their feet. His services did not come cheap.
event.disease_outbreak.choice3,event_choices,182,Идти дальше,Push through
event.disease_outbreak.choice3.result,event_choices,182,Караван двинулся дальше, но болезнь продолжает косить людей. Силы тают с каждым днём.,The caravan pressed on, but the disease keeps spreading. Strength fades with each passing day.
event.disease_outbreak.description,events,89,"Лихорадка распространяется по каравану. Больные лежат в повозках, остальные прикрывают лица тканью и держатся на расстоянии.",Fever spreads through the caravan. The sick lie in carts while others cover their faces with cloth and keep their distance.
event.disease_outbreak.name,events,89,Вспышка болезни,Disease Outbreak
event.forest_ambush.choice1,event_choices,47,Сражаться,Fight back
event.forest_ambush.choice1.result,event_choices,47,Среди деревьев завязалась рукопашная. Бандиты отступили в чащу, оставив раненых.,A melee broke out among the trees. The bandits retreated into the thicket, leaving their wounded behind.
event.forest_ambush.choice2,event_choices,48,Бежать,Flee
event.forest_ambush.choice2.result,event_choices,48,Караван бросился по тропе, оставив бандитам часть груза. Лес поглотил крики преследователей.,The caravan dashed down the trail, leaving some cargo to the bandits. The forest swallowed the pursuers' shouts.
event.forest_ambush.choice3,event_choices,49,Заплатить выкуп,Pay ransom
event.forest_ambush.choice3.result,event_choices,49,Выкуп заплачен — бандиты убрали дерево с дороги и растворились в лесу.,The ransom was paid — the bandits cleared the fallen tree and melted into the forest.
event.forest_ambush.description,events,26,Из-за поваленного дерева на лесной тропе выскакивают вооружённые фигуры. Бандиты окружают караван — их клинки блестят в просветах между деревьями.,Armed figures leap from behind a fallen tree blocking the forest path. Bandits surround the caravan — their blades glinting through gaps in the canopy.
event.forest_ambush.name,events,26,Лесная засада,Forest Ambush
event.forest_boar.choice1,event_choices,207,Охотиться,Hunt it
event.forest_boar.choice2,event_choices,208,Переждать,Wait it out
event.forest_boar.description,events,28,Треск веток — и из подлеска вылетает огромный кабан с длинными клыками. Зверь роет копытом землю и нацеливается на повозку.,Branches snap — and a massive tusked boar bursts from the undergrowth. The beast paws the earth and fixes its eyes on the wagon.
event.forest_boar.name,events,28,Дикий кабан,Wild Boar
event.forest_fire.choice1,event_choices,50,Укрыться,Take shelter
event.forest_fire.choice1.result,event_choices,50,Караван укрылся у ручья и переждал пожар. Дым разъедал глаза, но огонь обошёл стороной.,The caravan sheltered by a stream and waited out the fire. Smoke stung the eyes, but the flames passed by.
event.forest_fire.choice2,event_choices,51,Прорваться,Push through
event.forest_fire.choice2.result,event_choices,51,Караван прорвался сквозь дым и жар. Ткань на повозках обгорела, но груз цел.,The caravan burst through smoke and heat. The wagon covers were singed, but the cargo survived.
event.forest_fire.choice3,event_choices,52,Обойти огонь,Circle around
event.forest_fire.choice3.result,event_choices,52,Обходной путь через чащу занял много времени, но караван избежал огня.,The detour through the thicket took a long time, but the caravan avoided the fire.
event.forest_fire.description,events,27,Едкий дым стелется между стволами и треск пламени нарастает. Стена огня ползёт сквозь чащу — нужно действовать быстро.,Acrid smoke drifts between the trunks and the crackle of flames grows louder. A wall of fire creeps through the thicket — you must act fast.
event.forest_fire.name,events,27,Лесной пожар,Forest Fire
event.forest_herbs.choice1,event_choices,56,Собрать травы,Gather herbs
event.forest_herbs.choice1.result,event_choices,56,Полные мешки целебных трав собраны на поляне. Они пригодятся в дороге и на рынке.,Bags full of healing herbs were gathered in the clearing. They will be useful on the road and at market.
event.forest_herbs.choice2,event_choices,57,Взять немного,Take a few
event.forest_herbs.choice2.result,event_choices,57,Несколько пучков редких трав сорвано на ходу. Немного, но лучше, чем ничего.,A few bundles of rare herbs were picked in passing. Not much, but better than nothing.
event.forest_herbs.description,events,31,На солнечной поляне пестреют редкие лекарственные травы. Их аромат привлекает не только путников — в зарослях что-то шуршит.,Rare medicinal herbs bloom in a sunlit clearing. Their scent attracts more than just travelers — something rustles in the thicket.
event.forest_herbs.name,events,31,Целебные травы,Healing Herbs
event.forest_mud.choice1,event_choices,53,Нанять помощь,Hire help
event.forest_mud.choice1.result,event_choices,53,Местные крестьяне притащили волов и вытянули повозку из трясины за плату.,Local peasants brought oxen and pulled the cart from the mire for a fee.
event.forest_mud.choice2,event_choices,54,Чинить на месте,Quick fix
event.forest_mud.choice2.result,event_choices,54,Подложили ветки и доски под колёса. Повозка медленно выбралась из грязи.,Branches and planks were placed under the wheels. The cart slowly crawled out of the mud.
event.forest_mud.choice3,event_choices,55,Разгрузить повозку,Unload cargo
event.forest_mud.choice3.result,event_choices,55,Груз перенесли на сухое место, пустую повозку вытащили и загрузили снова.,The cargo was carried to dry ground, the empty cart was pulled free and reloaded.
event.forest_mud.description,events,29,Дождь превратил лесную дорогу в топь. Колёса повозки увязли по ось — телега не сдвинется без серьёзных усилий.,Rain has turned the forest road into a bog. The wagon wheels have sunk to the axle — the cart will not budge without serious effort.
event.forest_mud.name,events,29,Непролазная грязь,Impassable Mud
event.forest_night_sounds.choice1,event_choices,211,Сидеть тихо,Stay quiet
event.forest_night_sounds.choice2,event_choices,212,Разведать,Investigate
event.forest_night_sounds.description,events,34,Лагерь окутала тьма. Из чащи доносятся странные звуки — то ли вой,то ли крик. В темноте мелькают светящиеся глаза.
event.forest_night_sounds.name,events,34,Ночные звуки,Night Sounds
event.forest_rain.choice1,event_choices,209,Переждать,Wait it out
event.forest_rain.choice2,event_choices,210,Продолжить путь,Press on
event.forest_rain.description,events,30,Небо разверзлось над лесом сплошной стеной воды. Тропа превращается в ручей,а товары промокают насквозь.
event.forest_rain.name,events,30,Проливной дождь,Torrential Rain
event.forest_ruins.choice1,event_choices,58,Исследовать,Explore inside
event.forest_ruins.choice1.result,event_choices,58,В глубине храма найдены старинные реликвии. Место дышит древней тайной.,Ancient relics were found deep inside the temple. The place breathes with an age-old mystery.
event.forest_ruins.choice2,event_choices,59,Осмотреть вход,Check the entrance
event.forest_ruins.choice2.result,event_choices,59,У входа обнаружены монеты и осколки керамики. Скромная, но любопытная находка.,Coins and pottery shards were found near the entrance. A modest but curious discovery.
event.forest_ruins.choice3,event_choices,60,Осторожно войти,Enter carefully
event.forest_ruins.choice3.result,event_choices,60,Осторожный осмотр храма выявил тайник с ценностями. Удача улыбнулась терпеливым.,A careful search of the temple revealed a hidden cache of valuables. Fortune favors the patient.
event.forest_ruins.description,events,32,Сквозь завесу лиан проступают замшелые каменные стены древнего храма. Внутри темно,но видны отблески чего-то ценного.
event.forest_ruins.name,events,32,Лесные руины,Forest Ruins
event.forest_snakes.choice1,event_choices,213,Отогнать,Scare them off
event.forest_snakes.choice2,event_choices,214,Обойти,Go around
event.forest_snakes.description,events,35,Клубок ядовитых змей греется на камнях прямо посреди лесной тропы. Их пёстрые тела блестят на солнце — объезд займёт время.,A tangle of venomous snakes basks on rocks right in the middle of the forest trail. Their patterned bodies glisten in the sun — a detour will cost time.
event.forest_snakes.name,events,35,Змеи на тропе,Snakes on the Path
event.forest_woodcutter.choice1,event_choices,61,Поговорить,Talk to him
event.forest_woodcutter.choice1.result,event_choices,61,Лесоруб рассказал о безопасной тропе через чащу и предупредил о бандитах впереди.,The woodcutter told of a safe trail through the forest and warned of bandits ahead.
event.forest_woodcutter.choice2,event_choices,62,Пройти мимо,Pass by
event.forest_woodcutter.choice2.result,event_choices,62,Караван кивнул лесорубу и продолжил путь. Привал не входил в планы.,The caravan nodded to the woodcutter and moved on. A stop was not in the plans.
event.forest_woodcutter.choice3,event_choices,63,Купить припасы,Buy supplies
event.forest_woodcutter.choice3.result,event_choices,63,Лесоруб продал свежие дрова и вяленое мясо. Припасы пополнены.,The woodcutter sold fresh firewood and dried meat. Supplies are replenished.
event.forest_woodcutter.description,events,33,У обочины стоит крепкий мужик с топором и машет каравану. Рядом — добротная хижина и гора свежих брёвен. Он предлагает помощь.,A burly fellow with an axe waves to the caravan from the roadside. Beside him stands a sturdy hut and a pile of fresh logs. He offers help.
event.forest_woodcutter.name,events,33,Лесоруб,Woodcutter
event.guard_for_hire.choice1,event_choices,150,Нанять,Hire guard
event.guard_for_hire.choice1.result,event_choices,150,Охранник принят в караван. Его меч и опыт вселяют уверенность.,The guard was hired. His sword and experience inspire confidence.
event.guard_for_hire.choice2,event_choices,151,Отказать,Decline
event.guard_for_hire.choice2.result,event_choices,151,Воин пожал плечами и остался у дороги. Караван идёт без охраны.,The warrior shrugged and stayed by the road. The caravan goes on unguarded.
event.guard_for_hire.description,events,77,Крепкий воин в кожаных доспехах точит меч у обочины. Он предлагает свои услуги в качестве охранника каравана.,A strong warrior in leather armor sharpens his sword by the roadside. He offers his services as a caravan guard.
event.guard_for_hire.name,events,77,Наёмный охранник,Guard for Hire
event.guide_encounter.choice1,event_choices,154,Нанять,Hire guide
event.guide_encounter.choice1.result,event_choices,154,Проводник вступил в караван. Его знание троп и перевалов — на вес золота.,The guide joined the caravan. His knowledge of trails and passes is worth its weight in gold.
event.guide_encounter.choice2,event_choices,155,Отказать,Decline
event.guide_encounter.choice2.result,event_choices,155,Караван отказался от проводника и пошёл по карте. Надеются, что дорога ясна.,The caravan declined the guide and followed the map. Hoping the road is clear.
event.guide_encounter.description,events,79,Местный проводник с самодельными картами стоит на развилке дорог. Он знает тайные тропы и безопасные перевалы.,A weathered local guide with hand-drawn maps stands at a fork in the road. He knows hidden trails and safe mountain passes.
event.guide_encounter.name,events,79,Встреча с проводником,Guide Encounter
event.healer_on_road.choice1,event_choices,156,Нанять,Hire healer
event.healer_on_road.choice1.result,event_choices,156,Лекарь присоединился к каравану. Его травы и знания могут спасти жизни.,The healer joined the caravan. His herbs and skills could save lives.
event.healer_on_road.choice2,event_choices,157,Отказать,Decline
event.healer_on_road.choice2.result,event_choices,157,Караван поехал дальше без лекаря. В случае болезни придётся справляться самим.,The caravan moved on without the healer. In case of illness they will have to manage alone.
event.healer_on_road.description,events,80,Странствующий лекарь с мешочками трав и снадобий лечит раненое животное у дороги. Он предлагает присоединиться к каравану ради безопасности.,A traveling healer with herb pouches and remedies tends a wounded animal by the road. He offers to join the caravan for safety.
event.healer_on_road.name,events,80,Целитель на дороге,Healer on the Road
event.highland_altitude.choice1,event_choices,99,Медленный подъём,Slow ascent
event.highland_altitude.choice1.result,event_choices,99,Медленный подъём с остановками помог привыкнуть к высоте. Все добрались до перевала.,A slow ascent with stops helped everyone acclimatize. The whole caravan reached the pass.
event.highland_altitude.choice2,event_choices,100,Быстрый проход,Rush through
event.highland_altitude.choice2.result,event_choices,100,Быстрый проход через перевал — люди задыхаются, но спуск уже близко.,A quick push through the pass — people gasp for air, but the descent is near.
event.highland_altitude.choice3,event_choices,101,Обходной путь,Alternate route
event.highland_altitude.choice3.result,event_choices,101,Обходной путь ниже по склону длиннее, но легче для людей и животных.,The lower route along the slope is longer but easier on people and animals.
event.highland_altitude.description,events,55,"На перевале воздух становится разреженным. Люди хватаются за головы, а животные спотыкаются на каменистой тропе.",The air grows thin as the caravan climbs higher. Merchants gasp for breath and pack animals stumble on the rocky trail.
event.highland_altitude.name,events,55,Горная болезнь,Altitude Sickness
event.highland_avalanche.choice1,event_choices,108,Искать укрытие,Seek shelter
event.highland_avalanche.choice1.result,event_choices,108,Укрытие за выступом скалы спасло караван. Снег завалил дорогу, но все живы.,Shelter behind a rock outcrop saved the caravan. Snow buried the road, but everyone survived.
event.highland_avalanche.choice2,event_choices,109,Бежать вперёд,Run forward
event.highland_avalanche.choice2.result,event_choices,109,Бегство вперёд по тропе — лавина прошла в метрах за спиной. Чудом уцелели.,A desperate dash forward along the trail — the avalanche swept past just meters behind. A miraculous escape.
event.highland_avalanche.description,events,59,"Грохот раздаётся сверху — стена снега несётся по склону прямо на караван. Есть лишь мгновения, чтобы принять решение.",A deafening roar echoes from above as a wall of snow barrels down the mountainside. There are only seconds to react.
event.highland_avalanche.name,events,59,Лавина,Avalanche
event.highland_blizzard.choice1,event_choices,97,Укрыться,Take shelter
event.highland_blizzard.choice1.result,event_choices,97,Снежная буря бушевала всю ночь. Караван выстоял в укрытии, хоть и замёрз до костей.,The blizzard raged all night. The caravan endured in shelter, though frozen to the bone.
event.highland_blizzard.choice2,event_choices,98,Идти дальше,Push through
event.highland_blizzard.choice2.result,event_choices,98,Караван шёл сквозь метель наощупь. Несколько вьюков сорвало ветром.,The caravan stumbled through the blizzard blindly. Several packs were torn away by the wind.
event.highland_blizzard.description,events,54,"Ледяной ветер обрушивается на караван, скрывая тропу за стеной снега. Повозки дрожат под напором бури, а вьючные животные упираются и отказываются идти.",A wall of blinding snow engulfs the caravan on the high plateau. The howling wind threatens to scatter everything not tied down.
event.highland_blizzard.name,events,54,Горная буря,Highland Blizzard
event.highland_frozen_wheels.choice1,event_choices,102,Полный ремонт,Proper repair
event.highland_frozen_wheels.choice1.result,event_choices,102,Лёд скололи и колёса смазали жиром. Основательная работа — повозка как новая.,The ice was chipped away and the wheels greased. Thorough work — the cart runs like new.
event.highland_frozen_wheels.choice2,event_choices,103,Быстрая починка,Quick fix
event.highland_frozen_wheels.choice2.result,event_choices,103,Кипятком отлили колёса ото льда. Быстро, но крепления пострадали от перепада температур.,Boiling water freed the wheels from ice. Quick, but the fittings suffered from the temperature shock.
event.highland_frozen_wheels.choice3,event_choices,104,Бросить повозку,Abandon cart
event.highland_frozen_wheels.choice3.result,event_choices,104,Повозку бросили на перевале. Груз распределён между вьючными животными.,The cart was abandoned at the pass. Its cargo was distributed among the pack animals.
event.highland_frozen_wheels.description,events,56,"Утром колёса повозки намертво примёрзли к земле. Лёд сковал оси, и караван не может тронуться с места.",Overnight frost has welded the cart wheels to the frozen ground. Ice encases the axles and the caravan cannot move until the problem is solved.
event.highland_frozen_wheels.name,events,56,Замёрзшие колёса,Frozen Wheels
event.highland_ice_path.choice1,event_choices,227,Осторожный проход,Careful crossing
event.highland_ice_path.choice2,event_choices,228,Быстрый проезд,Rush across
event.highland_ice_path.description,events,58,Узкая горная тропа покрыта коркой льда. Одно неверное движение — и повозка соскользнёт в пропасть.,A treacherous sheet of ice coats the narrow mountain trail. One wrong step and the cart will slide into the abyss below.
event.highland_ice_path.name,events,58,Ледяная тропа,Ice Path
event.highland_monastery.choice1,event_choices,110,Принять кров,Accept shelter
event.highland_monastery.choice1.result,event_choices,110,Тёплый кров и горячая еда восстановили силы каравана. Монахи — щедрые хозяева.,Warm shelter and hot food restored the caravan's strength. The monks are generous hosts.
event.highland_monastery.choice2,event_choices,111,Идти дальше,Continue on
event.highland_monastery.choice2.result,event_choices,111,Караван отказался от приюта и двинулся дальше по заснеженной тропе.,The caravan declined the shelter and pressed on along the snowy trail.
event.highland_monastery.choice3,event_choices,112,Сделать подношение,Make offering
event.highland_monastery.choice3.result,event_choices,112,Подношение принято с поклоном. В ответ монахи исцелили больных и благословили путь.,The offering was accepted with a bow. In return the monks healed the sick and blessed the journey.
event.highland_monastery.description,events,61,"Золотая крыша монастыря блестит среди снежных вершин. Монахи в оранжевых одеждах стоят у ворот, предлагая кров путникам.",A monastery with a golden roof gleams among the snow peaks. Monks in orange robes stand at the gates offering shelter to weary travelers.
event.highland_monastery.name,events,61,Горный монастырь,Highland Monastery
event.highland_thin_air.choice1,event_choices,229,Отдохнуть,Rest
event.highland_thin_air.choice2,event_choices,230,Продолжить путь,Press on
event.highland_thin_air.description,events,60,"Караван забрался слишком высоко. Люди падают от головокружения, животные отказываются двигаться. Нужно решить — ждать или идти.",The caravan has climbed too high. People collapse from dizziness and the animals refuse to take another step.
event.highland_thin_air.name,events,60,Разреженный воздух,Thin Air
event.highland_yak_herders.choice1,event_choices,105,Торговать,Trade
event.highland_yak_herders.choice1.result,event_choices,105,Пастухи обменяли сушёное мясо и масло яка на ткани. Обе стороны довольны.,The herders traded dried meat and yak butter for cloth. Both sides are pleased.
event.highland_yak_herders.choice2,event_choices,106,Пройти мимо,Pass by
event.highland_yak_herders.choice2.result,event_choices,106,Караван вежливо прошёл мимо стоянки пастухов. Путь зовёт.,The caravan politely passed the herders' camp. The road calls.
event.highland_yak_herders.choice3,event_choices,107,Предложить чай,Offer tea
event.highland_yak_herders.choice3.result,event_choices,107,Чай с молоком яка согрел караван. Пастухи рассказали о безопасном перевале.,Tea with yak milk warmed the caravan. The herders told of a safe mountain pass.
event.highland_yak_herders.description,events,57,На высокогорном плато караван встречает пастухов яков в тёплых меховых шубах. Они машут рукой и приглашают к костру.,Yak herders in heavy fur coats wave from their camp on the windswept plateau. Warm tea and the smell of dried meat drift toward the caravan.
event.highland_yak_herders.name,events,57,Пастухи яков,Yak Herders
event.last_stand.choice1,event_choices,186,Сражаться,Fight
event.last_stand.choice1.result,event_choices,186,В отчаянном бою караван отбился. Выжившие собирают то, что осталось от лагеря.,In a desperate battle the caravan fought off the threat. Survivors gather what remains of the camp.
event.last_stand.choice2,event_choices,187,Сдаться,Surrender
event.last_stand.choice2.result,event_choices,187,Сопротивление бесполезно — караван сдался. Нападавшие забрали всё ценное и ушли.,Resistance was futile — the caravan surrendered. The attackers took everything of value and left.
event.last_stand.choice3,event_choices,188,Бежать,Escape
event.last_stand.choice3.result,event_choices,188,Под покровом хаоса удалось бежать. Часть людей и груза потеряна, но остальные живы.,Under cover of chaos the caravan escaped. Some people and cargo were lost, but the rest survived.
event.last_stand.description,events,91,"Всё рушится. Враги наступают, припасы кончились, силы на исходе. Это последний шанс — выстоять или погибнуть.",Everything is falling apart. Enemies close in
event.last_stand.name,events,91,Последний рубеж,Last Stand
event.lost_traveler.choice1,event_choices,128,Помочь,Help him
event.lost_traveler.choice1.result,event_choices,128,Путник присоединился к каравану. В благодарность он поделился знаниями о дороге.,The traveler joined the caravan. In gratitude he shared his knowledge of the road.
event.lost_traveler.choice2,event_choices,129,Пройти мимо,Pass by
event.lost_traveler.choice2.result,event_choices,129,Караван прошёл мимо. Путник остался один у обочины.,The caravan passed by. The traveler remained alone by the roadside.
event.lost_traveler.choice3,event_choices,130,Вылечить,Heal him
event.lost_traveler.choice3.result,event_choices,130,Путника подлечили и накормили. Он оказался купцом и щедро отблагодарил.,The traveler was treated and fed. He turned out to be a merchant and repaid the kindness generously.
event.lost_traveler.description,events,69,"Измождённый путник сидит у дороги с пустой флягой. Его одежда изодрана, а в глазах — мольба о помощи.",An exhausted traveler sits by the road with an empty waterskin. His clothes are torn and his eyes plead for help.
event.lost_traveler.name,events,69,Заблудший путник,Lost Traveler
event.merchant_companion.choice1,event_choices,158,Нанять,Hire merchant
event.merchant_companion.choice1.result,event_choices,158,Торговец-попутчик присоединился. Его товары дополняют ассортимент каравана.,The merchant companion joined. His goods complement the caravan's stock.
event.merchant_companion.choice2,event_choices,159,Отказать,Decline
event.merchant_companion.choice2.result,event_choices,159,Маленький торговец остался на дороге один. Его путь опасен без попутчиков.,The small merchant was left alone on the road. His journey is perilous without companions.
event.merchant_companion.description,events,81,"Небольшой торговец с перегруженным ослом просит разрешения путешествовать вместе. Его товары выглядят отменно, а впереди — опасная дорога.",A small merchant with an overloaded donkey asks to travel together for safety. His goods look fine and the road ahead is dangerous.
event.merchant_companion.name,events,81,Попутчик-торговец,Merchant Companion
event.mountain_bandits.choice1,event_choices,24,Сражаться,Fight back
event.mountain_bandits.choice1.result,event_choices,24,Бой в тесном ущелье был жестоким. Бандиты разбиты, но караван понёс потери.,The fight in the narrow gorge was brutal. The bandits were defeated, but the caravan took losses.
event.mountain_bandits.choice2,event_choices,25,Бежать,Flee
event.mountain_bandits.choice2.result,event_choices,25,Караван развернулся и бежал назад по тропе. Часть груза упала в пропасть.,The caravan turned and fled back down the trail. Some cargo tumbled into the ravine.
event.mountain_bandits.choice3,event_choices,26,Откупиться,Pay ransom
event.mountain_bandits.choice3.result,event_choices,26,Серебро и шёлк отданы за проход. Бандиты пропустили караван через перевал.,Silver and silk were given for passage. The bandits let the caravan through the pass.
event.mountain_bandits.description,events,14,"Бандиты перекрыли узкий горный проход, заняв позиции на скалах над тропой. Стрелы нацелены вниз, а отступать некуда.","Bandits have blocked the narrow mountain pass, taking positions on the rocks above the trail. Arrows are aimed down, and there is no retreat."
event.mountain_bandits.name,events,14,Горная засада,Mountain Ambush
event.mountain_broken_axle.choice1,event_choices,35,Полный ремонт,Full repair
event.mountain_broken_axle.choice1.result,event_choices,35,Ось заменена из запасов. Ремонт занял время, но повозка крепка.,The axle was replaced from spares. The repair took time, but the cart is sturdy again.
event.mountain_broken_axle.choice2,event_choices,36,Временная починка,Temporary fix
event.mountain_broken_axle.choice2.result,event_choices,36,Ось стянута верёвками и подпёрта бревном. Еле держится, но до города доедет.,The axle was lashed with ropes and braced with a log. Barely holding, but it will last to the next town.
event.mountain_broken_axle.choice3,event_choices,37,Сбросить часть груза,Dump some cargo
event.mountain_broken_axle.choice3.result,event_choices,37,Лишний груз сброшен со склона. Облегчённая повозка осторожно спустилась вниз.,Excess cargo was dumped down the slope. The lightened cart carefully descended.
event.mountain_broken_axle.description,events,19,"На крутом спуске ось повозки с треском ломается. Груз опасно накренился, и товары вот-вот посыплются по склону.","The cart axle snaps with a crack on a steep descent. The cargo tilts dangerously, and goods are about to slide down the slope."
event.mountain_broken_axle.name,events,19,Сломанная ось,Broken Axle
event.mountain_cave.choice1,event_choices,41,Исследовать глубже,Explore deeper
event.mountain_cave.choice1.result,event_choices,41,В глубине пещеры обнаружен тайник с забытыми товарами. Кто-то припрятал их давно.,Deep in the cave a stash of forgotten goods was found. Someone hid them long ago.
event.mountain_cave.choice2,event_choices,42,Осмотреть вход,Search the entrance
event.mountain_cave.choice2.result,event_choices,42,У входа найдены несколько монет и обломки оружия. Небольшая, но приятная находка.,A few coins and weapon fragments were found near the entrance. A small but welcome find.
event.mountain_cave.choice3,event_choices,43,Пройти мимо,Move on
event.mountain_cave.choice3.result,event_choices,43,Караван прошёл мимо пещеры, не рискуя. Дорога и так полна опасностей.,The caravan passed the cave without risking entry. The road is dangerous enough as it is.
event.mountain_cave.description,events,21,У дороги зияет тёмный вход в пещеру с древними отметинами. В мерцании факела внутри что-то поблёскивает.,A dark cave entrance with ancient markings gapes beside the road. Something glints within by the flickering torchlight.
event.mountain_cave.name,events,21,Горная пещера,Mountain Cave
event.mountain_cliff_path.choice1,event_choices,201,Идти осторожно,Go carefully
event.mountain_cliff_path.choice2,event_choices,202,Пройти быстро,Move quickly
event.mountain_cliff_path.description,events,22,"Узкая тропа вьётся над пропастью. Камни осыпаются из-под ног, ветер рвёт одежду, а внизу — бездна.","A narrow path winds above a chasm. Stones crumble underfoot, wind tears at clothing, and below lies the abyss."
event.mountain_cliff_path.name,events,22,Тропа над обрывом,Cliff Path
event.mountain_cold_night.choice1,event_choices,203,Сжечь припасы,Burn supplies
event.mountain_cold_night.choice2,event_choices,204,Терпеть холод,Endure the cold
event.mountain_cold_night.description,events,23,"Мороз сковал горный лагерь. Костёр гаснет, дыхание превращается в пар, а люди жмутся друг к другу в поисках тепла.","Frost grips the mountain camp. The fire dies down, breath turns to steam, and people huddle together seeking warmth."
event.mountain_cold_night.name,events,23,Холодная ночь,Cold Night
event.mountain_eagle.choice1,event_choices,205,Отпугнуть,Scare it off
event.mountain_eagle.choice2,event_choices,206,Переждать,Wait it out
event.mountain_eagle.description,events,25,"Огромный беркут кружит над караваном, то снижаясь, то взмывая ввысь. Хищник явно высматривает добычу среди вьючных животных.","A massive golden eagle circles above the caravan, swooping low then soaring high. The predator is clearly eyeing the pack animals."
event.mountain_eagle.name,events,25,Горный орёл,Mountain Eagle
event.mountain_fog.choice1,event_choices,198,Переждать,Wait it out
event.mountain_fog.choice2,event_choices,199,Идти вслепую,Go blindly
event.mountain_fog.choice3,event_choices,200,Довериться проводнику,Trust the guide
event.mountain_fog.description,events,17,"Густой белый туман поглотил горную тропу. Край обрыва едва различим, а каждый шаг может стать последним.","Dense white fog has swallowed the mountain trail. The cliff edge is barely visible, and every step could be the last."
event.mountain_fog.name,events,17,Горный туман,Mountain Fog
event.mountain_hermit.choice1,event_choices,38,Послушать советы,Listen to advice
event.mountain_hermit.choice1.result,event_choices,38,Старец рассказал о безопасных тропах и опасных перевалах. Бесценные знания.,The elder spoke of safe trails and dangerous passes. Invaluable knowledge.
event.mountain_hermit.choice2,event_choices,39,Пройти мимо,Pass by
event.mountain_hermit.choice2.result,event_choices,39,Караван прошёл мимо, не задерживаясь. Отшельник молча проводил его взглядом.,The caravan passed without stopping. The hermit watched them go in silence.
event.mountain_hermit.choice3,event_choices,40,Подарить чай,Gift tea
event.mountain_hermit.choice3.result,event_choices,40,Благодарный старец угостил караван целебным отваром и благословил в дорогу.,The grateful elder treated the caravan to a healing brew and blessed them for the journey.
event.mountain_hermit.description,events,20,"У горной пещеры сидит старый отшельник в простых одеждах, рядом пасутся козы. Он приветливо предлагает чай и делится мудростью.","An old hermit in simple robes sits outside a mountain cave, goats grazing nearby. He warmly offers tea and shares his wisdom."
event.mountain_hermit.name,events,20,Горный отшельник,Mountain Hermit
event.mountain_monastery.choice1,event_choices,44,Сделать пожертвование,Make a donation
event.mountain_monastery.choice1.result,event_choices,44,Монахи приняли пожертвование с благодарностью. Караван отдохнул и получил благословение.,The monks accepted the donation with gratitude. The caravan rested and received a blessing.
event.mountain_monastery.choice2,event_choices,45,Пройти мимо,Pass by
event.mountain_monastery.choice2.result,event_choices,45,Караван прошёл мимо монастыря без остановки. Впереди ждёт долгая дорога.,The caravan passed the monastery without stopping. A long road lies ahead.
event.mountain_monastery.choice3,event_choices,46,Подарить благовония,Gift incense
event.mountain_monastery.choice3.result,event_choices,46,Благовония приняты с радостью. Монахи провели караван через тайную горную тропу.,The incense was received with joy. The monks led the caravan through a secret mountain trail.
event.mountain_monastery.description,events,24,"Древний монастырь на скале виден издалека. Монахи в оранжевых одеждах стоят у ворот, молитвенные флаги развеваются на ветру.","An ancient monastery perched on a cliff is visible from afar. Monks in orange robes stand at the gates, prayer flags fluttering in the wind."
event.mountain_monastery.name,events,24,Горный монастырь,Mountain Monastery
event.mountain_pass_blocked.choice1,event_choices,32,Расчистить путь,Clear the path
event.mountain_pass_blocked.choice1.result,event_choices,32,Камни и обломки разобраны вручную. Тяжёлый труд, но проход открыт.,The rocks and debris were cleared by hand. Hard work, but the passage is open.
event.mountain_pass_blocked.choice2,event_choices,33,Пробиваться силой,Force through
event.mountain_pass_blocked.choice2.result,event_choices,33,Силой протащили повозки через завал. Несколько досок сломано, но караван прошёл.,The carts were forced through the rubble. A few boards broke, but the caravan got through.
event.mountain_pass_blocked.choice3,event_choices,34,Нанять помощь,Hire help
event.mountain_pass_blocked.choice3.result,event_choices,34,Местные горцы помогли расчистить перевал за плату. Быстро и надёжно.,Local highlanders helped clear the pass for a fee. Quick and reliable.
event.mountain_pass_blocked.description,events,18,Массивная стена из камней и обломков перекрыла горный перевал. Крутые скалы с обеих сторон не оставляют простого обхода.,A massive wall of rocks and debris has blocked the mountain pass. Steep cliffs on both sides leave no easy way around.
event.mountain_pass_blocked.name,events,18,Завал на перевале,Blocked Pass
event.mountain_rockslide.choice1,event_choices,27,Укрыться,Take cover
event.mountain_rockslide.choice1.result,event_choices,27,Караван прижался к скале и переждал камнепад. Дорогу завалило, но все живы.,The caravan pressed against the cliff face and waited out the rockslide. The road is blocked, but everyone survived.
event.mountain_rockslide.choice2,event_choices,28,Проскочить,Rush past
event.mountain_rockslide.choice2.result,event_choices,28,Караван проскочил опасный участок на полном ходу. Один камень задел повозку, но обошлось.,The caravan dashed past the danger zone at full speed. A boulder grazed a cart, but no serious damage.
event.mountain_rockslide.description,events,15,"Земля содрогается, и огромные валуны несутся по склону прямо на караван. Облако пыли застилает небо, и счёт идёт на секунды.","The earth trembles and massive boulders hurtle down the slope toward the caravan. A dust cloud blots out the sky, and seconds count."
event.mountain_rockslide.name,events,15,Камнепад,Rockslide
event.mountain_wolves.choice1,event_choices,29,Отпугнуть огнём,Scare with fire
event.mountain_wolves.choice1.result,event_choices,29,Факелы и крики отпугнули стаю. Волки отступили в лес, скаля зубы.,Torches and shouts drove the pack back. The wolves retreated into the forest, snarling.
event.mountain_wolves.choice2,event_choices,30,Переждать,Wait them out
event.mountain_wolves.choice2.result,event_choices,30,Караван простоял всю ночь в кольце костров. К утру волки ушли.,The caravan stood all night within a ring of fires. By morning the wolves had gone.
event.mountain_wolves.choice3,event_choices,31,Отправить охранника,Send the guard
event.mountain_wolves.choice3.result,event_choices,31,Охранник вышел навстречу стае с факелом и мечом. Вожак отступил, и стая ушла за ним.,The guard stepped forward with torch and sword. The alpha backed down, and the pack followed.
event.mountain_wolves.description,events,16,"Из горного леса выходит стая серых волков, их глаза светятся в сумерках. Звери медленно окружают караван, оценивая добычу.","A pack of grey wolves emerges from the mountain forest, their eyes glowing in the twilight. The beasts slowly encircle the caravan, sizing up their prey."
event.mountain_wolves.name,events,16,Стая волков,Wolf Pack
event.mysterious_stranger.choice1,event_choices,145,Купить товар,Buy wares
event.mysterious_stranger.choice1.result,event_choices,145,Товар незнакомца оказался редким и ценным. Странная сделка, но выгодная.,The stranger's wares proved rare and valuable. A strange deal, but a profitable one.
event.mysterious_stranger.choice2,event_choices,146,Пройти мимо,Pass by
event.mysterious_stranger.choice2.result,event_choices,146,Караван обошёл незнакомца стороной. Не всякая встреча сулит добро.,The caravan gave the stranger a wide berth. Not every encounter bodes well.
event.mysterious_stranger.choice3,event_choices,147,Поговорить,Parley
event.mysterious_stranger.choice3.result,event_choices,147,Незнакомец оказался бывшим купцом. Он поделился тайными знаниями о торговых путях.,The stranger turned out to be a former merchant. He shared secret knowledge of trade routes.
event.mysterious_stranger.description,events,75,"На перекрёстке в сумерках стоит фигура в плаще с капюшоном. Лицо скрыто тенью, но рука манит караван ближе.",A cloaked figure stands at a twilight crossroads. The face is hidden in shadow but a hand beckons the caravan closer.
event.mysterious_stranger.name,events,75,Таинственный незнакомец,Mysterious Stranger
event.pilgrim_group.choice1,event_choices,143,Присоединиться,Join them
event.pilgrim_group.choice1.result,event_choices,143,Совместный путь с паломниками принёс покой и хорошую дорогу. Благословение в пути.,Traveling with the pilgrims brought peace and good fortune on the road. A blessing on the journey.
event.pilgrim_group.choice2,event_choices,144,Пройти мимо,Pass by
event.pilgrim_group.choice2.result,event_choices,144,Караван прошёл мимо с уважительным кивком. Молитвы паломников звучали вслед.,The caravan passed with a respectful nod. The pilgrims' prayers echoed behind them.
event.pilgrim_group.description,events,74,Группа мирных паломников в простых одеждах идёт вместе. Запах благовоний и тихая молитва сопровождают их шаги.,A group of peaceful pilgrims in simple robes walks together. The scent of incense and quiet prayer accompany their steps.
event.pilgrim_group.name,events,74,Группа паломников,Pilgrim Group
event.plains_abandoned_cart.choice1,event_choices,78,Обыскать,Search thoroughly
event.plains_abandoned_cart.choice1.result,event_choices,78,Тщательный обыск обнаружил спрятанные ценности под обломками. Повезло.,A thorough search uncovered hidden valuables beneath the wreckage. Lucky find.
event.plains_abandoned_cart.choice2,event_choices,79,Взять очевидное,Take what is visible
event.plains_abandoned_cart.choice2.result,event_choices,79,Очевидные предметы собраны быстро. Не так много, но пригодится.,Visible items were gathered quickly. Not much, but it will come in handy.
event.plains_abandoned_cart.description,events,43,На обочине степной дороги стоит покинутая повозка с рассыпанным грузом. Хозяев не видно — лишь стервятники кружат над головой.,An abandoned cart with scattered cargo sits on the steppe roadside. No owners in sight — only vultures circling overhead.
event.plains_abandoned_cart.name,events,43,Брошенная повозка,Abandoned Cart
event.plains_broken_harness.choice1,event_choices,217,Починить как следует,Proper repair
event.plains_broken_harness.choice2,event_choices,218,Связать на скорую руку,Quick patch
event.plains_broken_harness.description,events,39,Кожаные ремни упряжи лопнули на ходу. Повозка остановилась посреди степи — без починки дальше не двинуться.,The leather harness straps have snapped mid-journey. The wagon sits idle on the steppe — no moving on without a repair.
event.plains_broken_harness.name,events,39,Порванная упряжь,Broken Harness
event.plains_crossroads.choice1,event_choices,72,Безопасный путь,Safe route
event.plains_crossroads.choice1.result,event_choices,72,Безопасный путь длиннее, но караван прошёл его без происшествий.,The safe route is longer, but the caravan traveled it without incident.
event.plains_crossroads.choice2,event_choices,73,Короткий путь,Shortcut
event.plains_crossroads.choice2.result,event_choices,73,Короткий путь сэкономил время, но дорога оказалась тяжёлой.,The shortcut saved time, but the road proved rough.
event.plains_crossroads.choice3,event_choices,74,Расшифровать знаки,Read the signs
event.plains_crossroads.choice3.result,event_choices,74,Расшифрованные знаки указали на лучший путь. Караван избежал опасного участка.,The deciphered signs pointed to the best route. The caravan avoided a dangerous stretch.
event.plains_crossroads.description,events,41,Древний каменный указатель отмечает развилку двух степных дорог. Надписи полустёрты — одна дорога короче,другая безопаснее.
event.plains_crossroads.name,events,41,Степной перекрёсток,Steppe Crossroads
event.plains_dust_storm.choice1,event_choices,215,Укрыться,Take cover
event.plains_dust_storm.choice2,event_choices,216,Идти сквозь бурю,Push through
event.plains_dust_storm.description,events,37,Стена бурой пыли надвигается на караван. Ветер крепчает,видимость падает до нуля — степь превращается в ревущий хаос.
event.plains_dust_storm.name,events,37,Пыльная буря,Dust Storm
event.plains_lightning.choice1,event_choices,70,Переждать,Hunker down
event.plains_lightning.choice1.result,event_choices,70,Караван залёг в низине и переждал грозу. Молнии били рядом, но никого не задело.,The caravan hunkered in a hollow and waited out the storm. Lightning struck nearby but hit no one.
event.plains_lightning.choice2,event_choices,71,Бежать вперёд,Run for it
event.plains_lightning.choice2.result,event_choices,71,Бешеная скачка по степи — караван ушёл от грозы, но повозки расшатались.,A mad dash across the steppe — the caravan outran the storm, but the carts are rattled.
event.plains_lightning.description,events,40,Чёрные тучи сгущаются,и молнии бьют в открытую степь совсем рядом. Караван — самая высокая точка на равнине.
event.plains_lightning.name,events,40,Гроза в степи,Steppe Lightning
event.plains_loose_cargo.choice1,event_choices,219,Перевязать груз,Re-tie cargo
event.plains_loose_cargo.choice2,event_choices,220,Ехать дальше,Keep going
event.plains_loose_cargo.description,events,44,Тряска на ухабах степной дороги ослабила крепления. Тюки с товарами сползают и грозят упасть — нужно остановиться.,The bumpy steppe road has shaken the bindings loose. Bales of goods are sliding and about to fall — you must stop.
event.plains_loose_cargo.name,events,44,Рассыпавшийся груз,Loose Cargo
event.plains_merchant_camp.choice1,event_choices,75,Поговорить,Chat with them
event.plains_merchant_camp.choice1.result,event_choices,75,За чаем у костра узнали о ценах в ближайших городах. Ценная информация для торговли.,Over tea by the fire they learned about prices in nearby cities. Valuable trading intelligence.
event.plains_merchant_camp.choice2,event_choices,76,Пройти мимо,Pass by
event.plains_merchant_camp.choice2.result,event_choices,76,Караван проехал мимо лагеря без остановки. Конкуренты — не друзья.,The caravan passed the camp without stopping. Competitors are not friends.
event.plains_merchant_camp.choice3,event_choices,77,Торговать,Trade goods
event.plains_merchant_camp.choice3.result,event_choices,77,Удачный обмен товарами с попутным караваном. Обе стороны довольны.,A successful goods exchange with the fellow caravan. Both sides are satisfied.
event.plains_merchant_camp.description,events,42,У дороги раскинулся лагерь другого каравана — костры,шатры и разложенные товары. Купцы приветливо машут рукой.
event.plains_merchant_camp.name,events,42,Купеческий лагерь,Merchant Camp
event.plains_raiders.choice1,event_choices,64,Дать бой,Stand and fight
event.plains_raiders.choice1.result,event_choices,64,Караван выстроил оборону из повозок. После яростной стычки налётчики отхлынули.,The caravan formed a defense with the wagons. After a fierce clash the raiders pulled back.
event.plains_raiders.choice2,event_choices,65,Бежать,Flee
event.plains_raiders.choice2.result,event_choices,65,Бегство по открытой степи — повозки мчатся, поднимая пыль. Налётчики отстали.,A mad dash across the open steppe — wagons racing through the dust. The raiders fell behind.
event.plains_raiders.choice3,event_choices,66,Откупиться,Pay them off
event.plains_raiders.choice3.result,event_choices,66,Горсть серебра и тюк шёлка — и налётчики ускакали прочь по степи.,A handful of silver and a bale of silk — and the raiders galloped away across the steppe.
event.plains_raiders.description,events,36,Облако пыли на горизонте стремительно приближается. Конные налётчики с саблями наголо несутся к каравану через степную траву.,A dust cloud on the horizon closes in fast. Mounted raiders with drawn sabres charge toward the caravan through the steppe grass.
event.plains_raiders.name,events,36,Степные налётчики,Steppe Raiders
event.plains_waystone.choice1,event_choices,221,Оставить подношение,Leave an offering
event.plains_waystone.choice2,event_choices,222,Пройти мимо,Walk past
event.plains_waystone.description,events,45,Древний резной камень с выцветшими надписями стоит у одинокой степной дороги. У подножия — чаша для подношений и увядшие цветы.,An ancient carved stone with faded inscriptions stands beside the lonely steppe road. At its base — an offering bowl and wilted flowers.
event.plains_waystone.name,events,45,Путевой камень,Waystone
event.plains_wild_horses.choice1,event_choices,67,Поймать коня,Catch a horse
event.plains_wild_horses.choice1.result,event_choices,67,Жеребца удалось поймать арканом. Сильное животное усилит караван.,The stallion was caught with a lasso. A strong animal that will strengthen the caravan.
event.plains_wild_horses.choice2,event_choices,68,Наблюдать,Watch them pass
event.plains_wild_horses.choice2.result,event_choices,68,Табун промчался мимо — красивое зрелище. Караван продолжил путь.,The herd thundered past — a beautiful sight. The caravan moved on.
event.plains_wild_horses.choice3,event_choices,69,Приручить,Tame one
event.plains_wild_horses.choice3.result,event_choices,69,Терпение и мастерство помогли приручить молодого жеребца. Новый член каравана.,Patience and skill helped tame a young stallion. A new member of the caravan.
event.plains_wild_horses.description,events,38,Табун диких лошадей скачет через степь,гривы развеваются на ветру. Среди них — красивый жеребец
event.plains_wild_horses.name,events,38,Дикие лошади,Wild Horses
event.refugee_caravan.choice1,event_choices,131,Помочь едой,Share food
event.refugee_caravan.choice1.result,event_choices,131,Беженцы благодарны за еду. Они рассказали об опасностях на дороге впереди.,The refugees are grateful for the food. They shared warnings about dangers on the road ahead.
event.refugee_caravan.choice2,event_choices,132,Игнорировать,Ignore
event.refugee_caravan.choice2.result,event_choices,132,Караван прошёл мимо беженцев. Их предупреждения остались неуслышанными.,The caravan passed the refugees. Their warnings went unheard.
event.refugee_caravan.choice3,event_choices,133,Приютить,Take them in
event.refugee_caravan.choice3.result,event_choices,133,Несколько беженцев присоединились к каравану. Лишние руки в пути не помешают.,Several refugees joined the caravan. Extra hands on the road are always welcome.
event.refugee_caravan.description,events,70,"Группа измученных беженцев с детьми и узлами бредёт навстречу. В их глазах страх, они предупреждают об опасности впереди.",A group of weary refugees with children and bundles trudges toward you. Fear fills their eyes as they warn of danger ahead.
event.refugee_caravan.name,events,70,Караван беженцев,Refugee Caravan
event.rival_caravan.choice1,event_choices,140,Торговать,Trade
event.rival_caravan.choice1.result,event_choices,140,Обмен товарами с конкурентами оказался выгодным. Иногда соперники — лучшие партнёры.,Trading with competitors proved profitable. Sometimes rivals make the best partners.
event.rival_caravan.choice2,event_choices,141,Обогнать,Race ahead
event.rival_caravan.choice2.result,event_choices,141,Караван ускорил ход и обогнал соперников. Первый на рынке получит лучшие цены.,The caravan picked up speed and overtook the rivals. First to market gets the best prices.
event.rival_caravan.choice3,event_choices,142,Договориться,Negotiate
event.rival_caravan.choice3.result,event_choices,142,Договорились разделить маршруты. Каждый идёт своим путём — без конкуренции.,An agreement was reached to split routes. Each goes their own way — no competition.
event.rival_caravan.description,events,73,Большой торговый караван с вооружённой охраной движется в том же направлении. Его предводитель оценивающе смотрит на ваши товары.,A large rival merchant caravan with armed guards heads the same way. Its leader eyes your goods with a competitive glare.
event.rival_caravan.name,events,73,Караван-соперник,Rival Caravan
event.starvation_crisis.choice1,event_choices,160,Купить еду,Buy food
event.starvation_crisis.choice1.result,event_choices,160,Удалось найти продавца и купить еды по завышенной цене. Голод отступил.,A food seller was found and supplies bought at an inflated price. The hunger subsides.
event.starvation_crisis.choice2,event_choices,161,Забить животное,Slaughter animal
event.starvation_crisis.choice2.result,event_choices,161,Вьючное животное забито на мясо. Потеря болезненная, но караван накормлен.,A pack animal was slaughtered for meat. A painful loss, but the caravan is fed.
event.starvation_crisis.choice3,event_choices,162,Урезать рацион,Ration strictly
event.starvation_crisis.choice3.result,event_choices,162,Строгий рацион: крошки хлеба и глотки воды. Люди измотаны, но держатся.,Strict rationing: crumbs of bread and sips of water. People are exhausted but holding on.
event.starvation_crisis.description,events,82,Запасы еды почти на нуле. Исхудавшие торговцы с впалыми глазами спорят из-за последних крошек хлеба. Нужно срочно что-то делать.,Food supplies are nearly gone. Gaunt merchants with hollow eyes argue over the last scraps of bread. Something must be done immediately.
event.starvation_crisis.name,events,82,Голод,Starvation Crisis
event.supply_theft.choice1,event_choices,166,Выследить,Track thieves
event.supply_theft.choice1.result,event_choices,166,Воры выслежены и припасы частично возвращены. Остальное уже съедено или спрятано.,The thieves were tracked down and some supplies recovered. The rest was already consumed or hidden.
event.supply_theft.choice2,event_choices,167,Смириться,Accept losses
event.supply_theft.choice2.result,event_choices,167,Потери приняты. Караван экономит оставшиеся припасы и продолжает путь.,The losses are accepted. The caravan rations what remains and pushes on.
event.supply_theft.description,events,84,На рассвете обнаружены вспоротые мешки и пропавшая еда. Следы воров ведут в темноту. Часть припасов уже не вернуть.,Slashed bags and missing food are discovered at dawn. Thieves' tracks lead into the darkness. Some supplies are already gone.
event.supply_theft.name,events,84,Кража припасов,Supply Theft
event.translator_offer.choice1,event_choices,152,Нанять,Hire translator
event.translator_offer.choice1.result,event_choices,152,Переводчик присоединился к каравану. Его знание языков поможет в торговле.,The translator joined the caravan. His language skills will help with trade.
event.translator_offer.choice2,event_choices,153,Отказать,Decline
event.translator_offer.choice2.result,event_choices,153,Караван отказал переводчику. Языковой барьер придётся преодолевать жестами.,The caravan declined the translator. The language barrier will have to be overcome with gestures.
event.translator_offer.description,events,78,Образованный человек в одежде разных культур говорит на нескольких языках с купцами на перекрёстке. Он предлагает присоединиться к каравану.,An educated man in mixed cultural clothing speaks several languages with traders at a crossroads. He offers to join the caravan.
event.translator_offer.name,events,78,Переводчик,Translator Offer
event.traveling_scholar.choice1,event_choices,134,Нанять,Hire him
event.traveling_scholar.choice1.result,event_choices,134,Учёный присоединился к каравану. Его знания языков и торговых путей бесценны.,The scholar joined the caravan. His knowledge of languages and trade routes is invaluable.
event.traveling_scholar.choice2,event_choices,135,Отказать,Decline
event.traveling_scholar.choice2.result,event_choices,135,Караван отказал учёному и двинулся дальше. Лишний рот — лишние расходы.,The caravan declined the scholar and moved on. Another mouth means more expenses.
event.traveling_scholar.choice3,event_choices,136,Поговорить,Converse
event.traveling_scholar.choice3.result,event_choices,136,Беседа с учёным открыла новые торговые маршруты. Знания дороже золота.,A conversation with the scholar revealed new trade routes. Knowledge is worth more than gold.
event.traveling_scholar.description,events,71,"Учёный в тонких одеждах с мулом, гружённым свитками и книгами, предлагает знания в обмен на компанию в пути.",A scholar in fine robes with a mule laden with scrolls offers knowledge in exchange for the safety of traveling together.
event.traveling_scholar.name,events,71,Странствующий учёный,Traveling Scholar
event.valley_crocodiles.choice1,event_choices,231,Найти другой путь,Find another way
event.valley_crocodiles.choice2,event_choices,232,Переправиться,Cross anyway
event.valley_crocodiles.description,events,64,"Река у брода неожиданно вздулась. Бурное течение несёт камни и ветки, переправа опасна для повозки и людей.","The river at the ford has swollen unexpectedly. The raging current carries rocks and branches, making the crossing dangerous for carts and people."
event.valley_crocodiles.name,events,64,Опасный брод,Dangerous Ford
event.valley_ferry.choice1,event_choices,116,Заплатить,Pay fare
event.valley_ferry.choice1.result,event_choices,116,Паромщик доволен оплатой. Переправа прошла гладко — груз на другом берегу.,The ferryman is satisfied with the fare. The crossing went smoothly — cargo is on the other bank.
event.valley_ferry.choice2,event_choices,117,Переправиться сами,Cross alone
event.valley_ferry.choice2.result,event_choices,117,Переправа вброд без парома — рискованно, но удалось. Часть груза подмочена.,Fording without the ferry — risky, but it worked. Some cargo got wet.
event.valley_ferry.choice3,event_choices,118,Провести проводник,Guide leads
event.valley_ferry.choice3.result,event_choices,118,Проводник показал мелкий брод выше по течению. Переправа прошла безопасно.,The guide revealed a shallow ford upstream. The crossing went safely.
event.valley_ferry.description,events,63,Старый паром покачивается у причала. Паромщик требует плату за переправу через глубокую быструю реку.,An old wooden ferry bobs at the dock. The ferryman demands payment to cross the deep
event.valley_ferry.name,events,63,Переправа,River Ferry
event.valley_fertile_bank.choice1,event_choices,233,Собрать припасы,Forage
event.valley_fertile_bank.choice2,event_choices,234,Взять что видно,Grab what's near
event.valley_fertile_bank.description,events,67,"Пышный берег реки усыпан дикими фруктами и ягодами. Птицы поют в ветвях, а чистая вода журчит по камням.",A lush riverbank is laden with wild fruit trees and berry bushes. Birds sing in the branches and clear water babbles over stones.
event.valley_fertile_bank.name,events,67,Плодородный берег,Fertile Bank
event.valley_fishermen.choice1,event_choices,119,Купить рыбу,Buy fish
event.valley_fishermen.choice1.result,event_choices,119,Свежая рыба куплена прямо с лодки. Вкусный ужин для всего каравана.,Fresh fish was bought straight from the boat. A delicious supper for the whole caravan.
event.valley_fishermen.choice2,event_choices,120,Пройти мимо,Pass by
event.valley_fishermen.choice2.result,event_choices,120,Караван проехал мимо деревни. Рыбаки махнули вслед.,The caravan passed the village. The fishermen waved goodbye.
event.valley_fishermen.choice3,event_choices,121,Обменять соль,Trade salt
event.valley_fishermen.choice3.result,event_choices,121,Соль обменяна на корзины рыбы. Рыбаки рады — соль тут редкость.,Salt was traded for baskets of fish. The fishermen are happy — salt is rare here.
event.valley_fishermen.description,events,65,"Рыбаки чинят сети у берега реки. Рядом стоит деревня из тростниковых хижин, пахнет свежей рыбой и дымом.",Fishermen mend their nets along the riverbank. A village of reed huts stands nearby
event.valley_fishermen.name,events,65,Рыбаки,Valley Fishermen
event.valley_flood.choice1,event_choices,113,Переждать,Wait it out
event.valley_flood.choice1.result,event_choices,113,Паводок схлынул к утру. Дорога в грязи, но проходима.,The floodwaters receded by morning. The road is muddy but passable.
event.valley_flood.choice2,event_choices,114,Перейти вброд,Ford across
event.valley_flood.choice2.result,event_choices,114,Вброд через мутный поток — вода доходила до пояса. Часть товара подмочена.,Wading through the murky current — water reached waist height. Some goods got soaked.
event.valley_flood.choice3,event_choices,115,Нанять лодку,Hire a boat
event.valley_flood.choice3.result,event_choices,115,Нанятая лодка переправила груз по частям. Медленно, но без потерь.,A hired boat ferried the cargo across in batches. Slow, but without losses.
event.valley_flood.description,events,62,"Река вышла из берегов и затопила дорогу. Бурый поток несёт ветки и грязь, отрезая путь каравану.",The river has burst its banks and flooded the valley road. Brown rushing water carries debris and blocks the caravan's path.
event.valley_flood.name,events,62,Наводнение в долине,Valley Flood
event.valley_stuck_mud.choice1,event_choices,122,Нанять помощь,Hire help
event.valley_stuck_mud.choice1.result,event_choices,122,Нанятые рыбаки помогли вытащить повозку из трясины. Быстро и без потерь.,Hired fishermen helped pull the cart from the swamp. Quick and without losses.
event.valley_stuck_mud.choice2,event_choices,123,Починить сами,Fix ourselves
event.valley_stuck_mud.choice2.result,event_choices,123,Собственными силами откопали повозку. Все перемазались, но справились.,The cart was dug out by hand. Everyone is covered in mud, but the job is done.
event.valley_stuck_mud.choice3,event_choices,124,Разгрузить,Unload cargo
event.valley_stuck_mud.choice3.result,event_choices,124,Груз перетащили на сухой берег. Пустая повозка выехала из грязи легко.,The cargo was hauled to dry ground. The empty cart came free from the mud easily.
event.valley_stuck_mud.description,events,66,"Повозка увязла в болотистой земле у реки. Колёса по ступицу ушли в чёрную жижу, и ни люди, ни животные не могут её сдвинуть.",The cart has sunk into swampy ground near the river. Wheels buried to the hubs in black muck
event.valley_stuck_mud.name,events,66,Застряли в грязи,Stuck in Mud
event.wandering_merchant.choice1,event_choices,125,Купить товар,Buy goods
event.wandering_merchant.choice1.result,event_choices,125,У торговца нашлись редкие товары по хорошей цене. Удачная встреча.,The merchant had rare goods at a good price. A fortunate encounter.
event.wandering_merchant.choice2,event_choices,126,Пройти мимо,Pass by
event.wandering_merchant.choice2.result,event_choices,126,Караван прошёл мимо бродячего торговца. В другой раз.,The caravan passed the wandering merchant. Maybe another time.
event.wandering_merchant.choice3,event_choices,127,Продать шёлк,Sell silk
event.wandering_merchant.choice3.result,event_choices,127,Шёлк продан с хорошей наценкой. Торговец знает своих покупателей.,Silk was sold at a fine markup. The merchant knows his buyers.
event.wandering_merchant.description,events,68,Одинокий торговец с нагруженным ослом машет каравану с обочины. На его тюках болтаются яркие ткани и мешочки со специями.,A lone merchant with a laden donkey waves from the roadside. Colorful fabrics and pouches of spices dangle from his saddlebags.
event.wandering_merchant.name,events,68,Бродячий торговец,Wandering Merchant
event.water_crisis.choice1,event_choices,177,Искать воду,Search for water
event.water_crisis.choice1.result,event_choices,177,После долгих поисков найден скрытый источник. Бурдюки наполнены — караван спасён.,After a long search a hidden spring was found. Waterskins are filled — the caravan is saved.
event.water_crisis.choice2,event_choices,178,Купить у путников,Buy from travelers
event.water_crisis.choice2.result,event_choices,178,Встречные путники продали воду втридорога. Дорого, но жажда утолена.,Passing travelers sold water at triple the price. Expensive, but the thirst is quenched.
event.water_crisis.choice3,event_choices,179,Экономить воду,Ration water
event.water_crisis.choice3.result,event_choices,179,Воду экономят по каплям. Люди страдают, но дотянули до следующего колодца.,Water is rationed drop by drop. People suffer, but they made it to the next well.
event.water_crisis.description,events,88,"Бурдюки пусты, губы потрескались. Безжалостное солнце печёт, а вокруг — ни одного источника воды.",The waterskins are empty and lips are cracked. The merciless sun beats down and there is no water source in sight.
event.water_crisis.name,events,88,Нехватка воды,Water Crisis
event.wedding_procession.choice1,event_choices,148,Присоединиться,Join feast
event.wedding_procession.choice1.result,event_choices,148,Караван присоединился к празднику. Музыка, танцы и щедрое угощение подняли дух.,The caravan joined the feast. Music, dancing, and generous food lifted everyone's spirits.
event.wedding_procession.choice2,event_choices,149,Пройти мимо,Pass by
event.wedding_procession.choice2.result,event_choices,149,Караван вежливо объехал процессию и продолжил путь под звуки музыки.,The caravan politely bypassed the procession and continued on to the sound of music.
event.wedding_procession.description,events,76,Яркая свадебная процессия с музыкой и цветами пересекает дорогу. Танцоры в ярких нарядах приглашают путников на праздник.,A colorful wedding procession with music and flowers crosses the road. Dancers in bright clothes invite travelers to join the celebration.
event.wedding_procession.name,events,76,Свадебная процессия,Wedding Procession
event.wounded_soldier.choice1,event_choices,137,Накормить,Feed him
event.wounded_soldier.choice1.result,event_choices,137,Солдат поел и окреп. В благодарность он рассказал о военных действиях впереди.,The soldier ate and regained strength. In gratitude he warned of military activity ahead.
event.wounded_soldier.choice2,event_choices,138,Пройти мимо,Pass by
event.wounded_soldier.choice2.result,event_choices,138,Караван прошёл мимо раненого. Война — не их дело.,The caravan passed the wounded man. War is not their concern.
event.wounded_soldier.choice3,event_choices,139,Вылечить,Heal him
event.wounded_soldier.choice3.result,event_choices,139,Раны перевязаны, лихорадка отступила. Солдат предложил свой меч каравану.,The wounds were bandaged and the fever broke. The soldier offered his sword to the caravan.
event.wounded_soldier.description,events,72,"Раненый солдат в рваных доспехах привалился к дереву у дороги. Его перевязки пропитаны кровью, а сломанный меч лежит рядом.",An injured soldier in torn armor leans against a roadside tree. His bandages are soaked with blood and a broken sword lies beside him.
event.wounded_soldier.name,events,72,Раненый воин,Wounded Soldier
item_category.animals.name,item_categories,7,Животные,Animals
item_category.craft.name,item_categories,3,Ремесло,Handicrafts
item_category.exotic.name,item_categories,5,Экзотика,Exotic goods
item_category.food.name,item_categories,2,Еда,Food
item_category.luxury.name,item_categories,4,Роскошь,Luxury items
item_category.raw.name,item_categories,6,Сырьё,Raw goods
item.agate.name,items,84,Агат,Agate
item.alum.name,items,28,Квасцы,Alum
item.amber.name,items,68,Янтарь,Amber
item.ambergris.name,items,80,Амбра,Ambergris
item.bezoar.name,items,85,Безоар,Bezoar
item.blades.name,items,39,Клинки,Blades
item.bows.name,items,49,Луки,Bows
item.brocade.name,items,56,Парча,Brocade
item.camphor.name,items,81,Камфора,Camphor
item.carpets.name,items,40,Ковры,Carpets
item.cashmere.name,items,57,Кашемир,Cashmere
item.ceramics.name,items,38,Керамика,Ceramics
item.chainmail.name,items,45,Кольчуги,Chainmail
item.cheese.name,items,17,Сыр,Cheese
item.cheetah.name,items,93,Гепард,Cheetah
item.clay.name,items,31,Глина,Clay
item.coal.name,items,32,Каменный уголь,Coal
item.copper.name,items,24,Медь,Copper
item.coral.name,items,77,Коралл,Coral
item.cotton.name,items,22,Хлопок,Cotton
item.dates.name,items,6,Финики,Dates
item.dried_fish.name,items,12,Вяленая рыба,Dried Fish
item.dried_fruit.name,items,11,Сухофрукты,Dried Fruit
item.dried_meat.name,items,5,Вяленое мясо,Dried Meat
item.elephant.name,items,90,Слон,Elephant
item.embroidery.name,items,51,Вышивка,Embroidery
item.falcon.name,items,91,Сокол,Falcon
item.fighting_bull.name,items,96,Боевой бык,Fighting Bull
item.flax.name,items,26,Лён,Flax
item.flour.name,items,15,Мука,Flour
item.frankincense.name,items,58,Ладан,Frankincense
item.gemstones.name,items,60,Драгоценные камни,Gemstones
item.ghee.name,items,18,Топлёное масло,Ghee
item.ginseng.name,items,79,Женьшень,Ginseng
item.glass.name,items,41,Стекло,Glass
item.gold_ornaments.name,items,61,Золотые украшения,Gold Ornaments
item.grain.name,items,2,Зерно,Grain
item.hemp.name,items,33,Пенька,Hemp
item.honey.name,items,7,Мёд,Honey
item.hunting_dog.name,items,97,Охотничья собака,Hunting Dog
item.incense.name,items,71,Благовония,Incense
item.indigo.name,items,27,Индиго,Indigo
item.instruments.name,items,48,Муз. инструменты,Musical Instruments
item.iron.name,items,36,Железо,Iron
item.ivory.name,items,73,Слоновая кость,Ivory
item.jade_figurines.name,items,64,Нефритовые фигурки,Jade Figurines
item.jade.name,items,54,Нефрит,Jade
item.jadeite.name,items,62,Жадеит,Jadeite
item.jewelry.name,items,44,Ювелирные изделия,Jewelry
item.kumis.name,items,16,Кумыс,Kumis
item.lacquerware.name,items,43,Лаковые изделия,Lacquerware
item.lapis_lazuli.name,items,75,Лазурит,Lapis Lazuli
item.leather.name,items,21,Кожа,Leather
item.leopard_skin.name,items,83,Шкура леопарда,Leopard Skin
item.mercury.name,items,34,Ртуть,Mercury
item.mirrors.name,items,47,Зеркала,Mirrors
item.monkey.name,items,94,Обезьяна,Monkey
item.mosaic.name,items,50,Мозаичная плитка,Mosaic Tiles
item.musk.name,items,72,Мускус,Musk
item.myrrh.name,items,59,Мирра,Myrrh
item.narwhal_horn.name,items,86,Рог нарвала,Narwhal Horn
item.nuts.name,items,10,Орехи,Nuts
item.olive_oil.name,items,9,Оливковое масло,Olive Oil
item.opal.name,items,66,Опал,Opal
item.ostrich.name,items,98,Страус,Ostrich
item.paper.name,items,42,Бумага,Paper
item.parrot.name,items,95,Попугай,Parrot
item.peacock.name,items,92,Павлин,Peacock
item.pearl.name,items,74,Жемчуг,Pearl
item.perfume.name,items,69,Духи,Perfume
item.porcelain.name,items,67,Фарфор,Porcelain
item.pottery.name,items,52,Глиняная посуда,Pottery
item.purebred_camel.name,items,89,Породистый верблюд,Purebred Camel
item.purebred_yak.name,items,100,Породистый як,Purebred Yak
item.racing_horse.name,items,87,Скаковая лошадь,Racing Horse
item.rhino_horn.name,items,76,Рог носорога,Rhino Horn
item.rice.name,items,3,Рис,Rice
item.rubies.name,items,65,Рубины,Rubies
item.saddles.name,items,46,Сёдла,Saddles
item.saffron.name,items,55,Шафран,Saffron
item.salt.name,items,4,Соль,Salt
item.saltpeter.name,items,30,Селитра,Saltpeter
item.sandalwood.name,items,78,Сандаловое дерево,Sandalwood
item.satin.name,items,63,Атлас,Satin
item.sesame_oil.name,items,14,Кунжутное масло,Sesame Oil
item.silk.name,items,53,Шёлк,Silk
item.songbird.name,items,101,Певчая птица,Songbird
item.spices.name,items,70,Специи,Spices
item.sugar.name,items,13,Сахар,Sugar
item.sulfur.name,items,29,Сера,Sulfur
item.tea.name,items,19,Чай,Tea
item.timber.name,items,23,Древесина,Timber
item.tin.name,items,25,Олово,Tin
item.tools.name,items,37,Инструменты,Tools
item.turquoise.name,items,82,Бирюза,Turquoise
item.war_horse.name,items,88,Боевой конь,War Horse
item.wax.name,items,35,Воск,Wax
item.white_horse.name,items,99,Белый конь,White Horse
item.wine.name,items,8,Вино,Wine
item.wool.name,items,20,Шерсть,Wool
modifier.danger_zone.description,road_modifiers,3,Возможны нападения бандитов,Bandit attacks possible
modifier.danger_zone.name,road_modifiers,3,Опасная зона,Danger Zone
modifier.speed_bonus.description,road_modifiers,2,Скорость каравана +20%,Caravan speed +20%
modifier.speed_bonus.name,road_modifiers,2,Ускорение,Speed Bonus
UI.Event.Main.Button.Continue,interface_names,28,Продолжить,Continue
UI.Event.Main.Header.Main,interface_names,27,Событие,Event
UI.Event.Main.Prefix.NearCity,interface_names,29,Рядом с {0},Near {0}
UI.Global.Buy.Prefix.SummaryPricePrefix,interface_names,16,За {0},For {0}
UI.Global.ItemsView.Header.Name,interface_names,13,Название,Name
UI.Global.ItemsView.Header.Price,interface_names,15,Цена,Price
UI.Global.ItemsView.Header.Weight,interface_names,14,Вес,Weight
UI.Global.Main.Prefix.MoneyPrefix,interface_names,11,Деньги: {0},Money: {0}
UI.Global.Main.Prefix.WeightPrefix,interface_names,12,Вес: {0}/{1},Weight: {0}/{1}
UI.Hud.Main.Button.Camp,interface_names,5,Лагерь,Camp
UI.Hud.Main.Button.EnterCity,interface_names,3,Войти в город,Enter City
UI.Hud.Main.Button.LeaveCity,interface_names,4,Покинуть город,Leave City
UI.Hud.Main.Button.Move,interface_names,6,Двигаться,Move
UI.Hud.Main.Button.OpenInventory,interface_names,2,Инвентарь,Inventory
UI.Hud.Main.Button.Rush,interface_names,7,Ускориться,Rush
UI.Hud.Main.Text.DayText,interface_names,8,День {0},Day {0}
UI.Inventory.Main.Button.DropButton,interface_names,10,Выбросить,Drop
UI.Inventory.Main.Header.Main,interface_names,9,Груз,Cargo
UI.Trade.Buy.Header.Main,interface_names,21,Вы покупаете,You are buying
UI.Trade.ItemsView.Button.BackToPlayerAction,interface_names,25,Забрать,Take
UI.Trade.ItemsView.Button.BackToTraderAction,interface_names,26,Вернуть,Return
UI.Trade.ItemsView.Button.MoveToBuyAction,interface_names,24,Добавить в покупки,Add to purchase
UI.Trade.ItemsView.Button.MoveToSellAction,interface_names,23,Добавить в продажу,Add to sell
UI.Trade.Main.Button.TradeButton,interface_names,18,Торговать,Trade
UI.Trade.Main.Header.Main,interface_names,17,Торговля,Trading
UI.Trade.Npc.Prefix.NpcNamePrefix,interface_names,20,Груз {0},Cargo {0}
UI.Trade.Player.Text.PlayerName,interface_names,19,Ваш груз,Your cargo
UI.Trade.Sell.Header.Main,interface_names,22,Вы продаете,You are selling
UI.SaveGame.Main.Header.Main,interface_names,30,Сохранение,Save Game
UI.SaveGame.Main.Button.Action,interface_names,31,Сохранить,Save
UI.LoadGame.Main.Header.Main,interface_names,32,Загрузка,Load Game
UI.LoadGame.Main.Button.Action,interface_names,33,Загрузить,Load
UI.SaveSlot.Main.Text.DayText,interface_names,34,День {0},Day {0}
UI.SaveSlot.Main.Tag.AutoSave,interface_names,35,А,A
UI.SaveSlot.Main.Tag.ManualSave,interface_names,36,Р,M
UI.MainMenu.Main.Button.NewGame,interface_names,37,Новая игра,New Game
UI.MainMenu.Main.Button.Continue,interface_names,38,Продолжить,Continue
UI.MainMenu.Main.Button.Load,interface_names,39,Загрузка,Load
UI.MainMenu.Main.Button.Settings,interface_names,40,Настройки,Settings
UI.MainMenu.Main.Button.Quit,interface_names,41,Выход,Quit
UI.Pause.Main.Header.Main,interface_names,42,Пауза,Pause
UI.Pause.Main.Button.BackToGame,interface_names,43,Продолжить,Resume
UI.Pause.Main.Button.Save,interface_names,44,Сохранить,Save
UI.Pause.Main.Button.Load,interface_names,45,Загрузить,Load
UI.Pause.Main.Button.Settings,interface_names,46,Настройки,Settings
UI.Pause.Main.Button.ExitToMenu,interface_names,47,В главное меню,Main Menu
UI.Pause.Main.Button.Quit,interface_names,48,Выход из игры,Quit Game
UI.SaveSlot.Main.Text.NewSave,interface_names,49,+ Новое сохранение,+ New Save
UI.MainMenu.Main.Header.GameTitle,interface_names,50,Silk Path Journey,Silk Path Journey
event.npc_encounter_1.name,events,,Караван на дороге,Caravan on the Road
event.npc_encounter_1.description,events,,"Впереди на дороге виднеется караван «{0}». Торговец жестом приглашает подойти.","A caravan ""{0}"" is visible on the road ahead. The merchant gestures you to approach."
event.npc_encounter_2.name,events,,Странствующий торговец,Travelling Merchant
event.npc_encounter_2.description,events,,"На привале вы заметили торговца из каравана «{0}», разложившего товары на ковре. Он приветливо кивает.","At a resting spot you notice a merchant from ""{0}"" displaying goods on a carpet. He nods warmly."
event.npc_encounter_3.name,events,,Встреча караванов,Caravan Meeting
event.npc_encounter_3.description,events,,"Дороги вашего и каравана «{0}» пересеклись. Есть возможность обменяться товарами.","Your route and ""{0}""'s have crossed. There's a chance to exchange goods."
event.npc_encounter.trade,event_choices,,Торговать,Trade
event.npc_encounter.trade_result,event_choices,,Вы начинаете торговлю.,You begin trading.
event.npc_encounter.pass,event_choices,,Продолжить путь,Continue journey
event.npc_encounter.pass_result,event_choices,,Вы вежливо кивнули и продолжили путь.,You nodded politely and continued on your way.
npc.name.li_wei,npc,,Ли Вэй,Li Wei
npc.name.zhang_hao,npc,,Чжан Хао,Zhang Hao
npc.name.chen_ming,npc,,Чэнь Мин,Chen Ming
npc.name.wang_jun,npc,,Ван Цзюнь,Wang Jun
npc.name.batuhan,npc,,Батухан,Batuhan
npc.name.timur,npc,,Тимур,Timur
npc.name.altai,npc,,Алтай,Altai
npc.name.rashid,npc,,Рашид,Rashid
npc.name.farid,npc,,Фарид,Farid
npc.name.karim,npc,,Карим,Karim
npc.name.darius,npc,,Дарий,Darius
npc.name.farhad,npc,,Фархад,Farhad
npc.name.cyrus,npc,,Кир,Cyrus
npc.name.ahmad,npc,,Ахмад,Ahmad
npc.name.yusuf,npc,,Юсуф,Yusuf
npc.name.alexios,npc,,Алексий,Alexios
npc.name.konstantinos,npc,,Константин,Konstantinos
npc.name.arjun,npc,,Арджун,Arjun
npc.name.ravi,npc,,Рави,Ravi
npc.name.omar,npc,,Омар,Omar